buurtcode,buurtnaam,wijkcode,gemeentecode,gemeentenaam,indelingswijziging_wijken_en_buurten,water,meest_voorkomende_postcode,dekkingspercentage,omgevingsadressendichtheid,stedelijkheid_adressen_per_km2,bevolkingsdichtheid_inwoners_per_km2,aantal_inwoners,mannen,vrouwen,percentage_personen_0_tot_15_jaar,percentage_personen_15_tot_25_jaar,percentage_personen_25_tot_45_jaar,percentage_personen_45_tot_65_jaar,percentage_personen_65_jaar_en_ouder,percentage_ongehuwd,percentage_gehuwd,percentage_gescheid,percentage_verweduwd,aantal_huishoudens,percentage_eenpersoonshuishoudens,percentage_huishoudens_zonder_kinderen,percentage_huishoudens_met_kinderen,gemiddelde_huishoudsgrootte,percentage_westerse_migratieachtergrond,percentage_niet_westerse_migratieachtergrond,percentage_uit_marokko,percentage_uit_nederlandse_antillen_en_aruba,percentage_uit_suriname,percentage_uit_turkije,percentage_overige_nietwestersemigratieachtergrond,oppervlakte_totaal_in_ha,oppervlakte_land_in_ha,oppervlakte_water_in_ha,jrstatcode,jaar
BU00140000,Binnenstad-Noord,WK001400,GM0014,Groningen,1,NEE,9712,1,6712,1,12085,4480,2335,2145,2,49,33,10,6,88,8,4,1,3635,82,15,3,1.2,20,11,0,1,1,1,8,39,37,2,2022BU00140000,2022
BU00141406,De Wierden,WK001414,GM0014,Groningen,1,NEE,9613,1,170,5,-99999999,0,0,0,-99999999,-99999999,-99999999,-99999999,-99999999,-99999999,-99999999,-99999999,-99999999,0,-99999999,-99999999,-99999999,-99999999.0,-99999999,-99999999,-99999999,-99999999,-99999999,-99999999,-99999999,59,52,7,2022BU00141406,2022
BU00140103,Rivierenbuurt,WK001401,GM0014,Groningen,1,NEE,9725,1,4220,1,8294,4590,2250,2335,5,30,37,14,13,80,12,6,3,3330,71,22,7,1.4,16,10,0,1,1,0,7,56,55,1,2022BU00140103,2022
BU00141003,Zernike Campus,WK001410,GM0014,Groningen,1,NEE,9747,1,972,4,-99999999,5,0,0,-99999999,-99999999,-99999999,-99999999,-99999999,-99999999,-99999999,-99999999,-99999999,5,-99999999,-99999999,-99999999,1.5,-99999999,-99999999,-99999999,-99999999,-99999999,-99999999,-99999999,202,187,15,2022BU00141003,2022
BU00141701,Haren-Zuidwest,WK001417,GM0014,Groningen,1,NEE,9752,1,951,4,2607,3660,1685,1980,16,8,16,24,37,41,40,9,11,1745,42,32,27,2.0,9,5,0,1,0,0,4,141,140,1,2022BU00141701,2022
BU00140704,Piccardthof,WK001407,GM0014,Groningen,1,NEE,9728,1,541,4,1332,1190,595,590,21,14,12,38,15,51,43,3,2,425,12,36,52,2.8,8,4,0,1,1,0,3,118,89,29,2022BU00140704,2022
BU00141301,Engelbert,WK001413,GM0014,Groningen,1,NEE,9723,1,101,5,276,900,470,435,16,12,21,32,19,51,40,6,3,375,25,32,42,2.4,7,4,0,1,1,0,3,336,327,8,2022BU00141301,2022
BU00141205,Hunzepark,WK001412,GM0014,Groningen,1,NEE,9735,1,1169,3,-99999999,0,0,0,-99999999,-99999999,-99999999,-99999999,-99999999,-99999999,-99999999,-99999999,-99999999,5,-99999999,-99999999,-99999999,1.0,-99999999,-99999999,-99999999,-99999999,-99999999,-99999999,-99999999,7,7,0,2022BU00141205,2022
BU00140812,De Kring,WK001408,GM0014,Groningen,1,NEE,9727,1,525,4,3557,330,160,170,23,12,27,25,12,74,15,7,5,150,38,21,42,2.3,3,2,0,1,0,0,1,9,9,0,2022BU00140812,2022
BU00141504,Sint Annen,WK001415,GM0014,Groningen,1,NEE,9796,1,19,5,41,190,100,85,16,14,18,31,21,44,47,6,2,75,26,39,34,2.5,4,3,-99999999,-99999999,-99999999,-99999999,-99999999,461,460,1,2022BU00141504,2022
BU00140808,Peizerweg,WK001408,GM0014,Groningen,1,NEE,9727,5,865,4,676,250,155,100,0,81,16,1,2,97,2,0,0,240,98,2,1,1.0,72,19,0,0,0,1,18,37,37,0,2022BU00140808,2022
BU00141201,Lewenborg-Zuid,WK001412,GM0014,Groningen,1,NEE,9732,1,1500,2,5644,3395,1685,1715,19,11,28,26,16,56,30,12,3,1600,39,25,36,2.1,9,20,1,5,2,1,11,62,60,2,2022BU00141201,2022
BU00140810,De Buitenhof,WK001408,GM0014,Groningen,1,NEE,9727,1,394,5,4466,1580,780,800,21,16,16,36,13,57,37,4,2,555,12,33,54,2.9,7,3,0,0,1,0,2,37,35,1,2022BU00140810,2022
BU00140203,Kostverloren,WK001402,GM0014,Groningen,1,NEE,9718,1,3760,1,8800,2180,1095,1090,8,22,40,19,11,78,13,6,3,1495,67,22,11,1.5,14,13,0,2,1,1,9,26,25,2,2022BU00140203,2022
BU00141400,Meeroevers,WK001414,GM0014,Groningen,1,NEE,9613,1,199,5,3498,1595,805,790,34,5,41,17,3,60,36,4,0,505,7,25,68,3.2,7,7,0,1,2,1,4,85,46,39,2022BU00141400,2022
BU00140506,Eemspoort,WK001405,GM0014,Groningen,1,NEE,9723,1,269,5,30,30,15,20,-99999999,-99999999,-99999999,-99999999,-99999999,-99999999,-99999999,-99999999,-99999999,15,8,58,33,2.7,-99999999,-99999999,-99999999,-99999999,-99999999,-99999999,-99999999,108,108,0,2022BU00140506,2022
BU00141107,Hunzeboord,WK001411,GM0014,Groningen,1,NEE,9731,1,1474,3,-99999999,0,5,0,-99999999,-99999999,-99999999,-99999999,-99999999,-99999999,-99999999,-99999999,-99999999,0,-99999999,-99999999,-99999999,4.0,-99999999,-99999999,-99999999,-99999999,-99999999,-99999999,-99999999,23,23,0,2022BU00141107,2022
BU00141907,Noordlaarderbos,WK001419,GM0014,Groningen,1,NEE,9479,1,22,5,-99999999,0,0,0,-99999999,-99999999,-99999999,-99999999,-99999999,-99999999,-99999999,-99999999,-99999999,0,-99999999,-99999999,-99999999,2.0,-99999999,-99999999,-99999999,-99999999,-99999999,-99999999,-99999999,100,100,0,2022BU00141907,2022
BU00141405,De Zeilen,WK001414,GM0014,Groningen,1,NEE,9613,1,127,5,122,100,50,45,22,14,31,29,4,48,52,0,0,30,6,38,56,3.0,3,11,5,1,3,0,2,107,79,28,2022BU00141405,2022
BU00140301,Indische buurt,WK001403,GM0014,Groningen,1,NEE,9715,1,5067,1,11845,8205,4175,4030,10,25,39,18,9,78,12,8,2,5590,69,18,13,1.5,13,22,1,3,2,1,13,72,69,2,2022BU00140301,2022
BU00141803,Buitengebied Haren-Noordoost,WK001418,GM0014,Groningen,1,NEE,9751,6,261,5,-99999999,0,0,0,-99999999,-99999999,-99999999,-99999999,-99999999,-99999999,-99999999,-99999999,-99999999,0,-99999999,-99999999,-99999999,2.0,-99999999,-99999999,-99999999,-99999999,-99999999,-99999999,-99999999,308,300,7,2022BU00141803,2022
BU00141601,Lellens,WK001416,GM0014,Groningen,1,NEE,9794,1,40,5,24,75,35,35,7,19,13,39,22,49,47,3,1,30,17,47,37,2.4,1,0,-99999999,-99999999,-99999999,-99999999,-99999999,305,305,0,2022BU00141601,2022
BU00140102,Herewegbuurt,WK001401,GM0014,Groningen,1,NEE,9725,1,4308,1,9769,1590,765,825,7,33,36,16,8,81,12,5,1,1120,71,20,9,1.4,17,9,0,1,1,1,7,16,16,0,2022BU00140102,2022
BU00140904,Reitdiep,WK001409,GM0014,Groningen,1,NEE,9746,1,1441,3,4971,4195,2165,2030,23,19,30,22,6,67,28,4,1,1875,43,19,37,2.2,16,15,1,1,1,2,11,97,84,12,2022BU00140904,2022
BU00140601,Coendersborg,WK001406,GM0014,Groningen,1,NEE,9722,1,2185,2,4267,3100,1470,1630,14,12,26,23,25,56,29,8,7,1580,52,26,23,1.8,11,7,0,1,1,0,5,74,73,2,2022BU00140601,2022
BU00140605,De Wijert,WK001406,GM0014,Groningen,1,NEE,9721,1,3512,1,8016,4720,2345,2375,13,16,37,20,14,70,17,8,4,2935,62,20,18,1.6,16,19,0,3,1,1,14,60,59,1,2022BU00140605,2022
BU00140503,Kop van Oost,WK001405,GM0014,Groningen,1,NEE,9723,1,4241,1,12326,720,385,330,11,17,40,25,7,66,27,5,1,400,48,33,19,1.8,16,15,0,0,0,1,13,6,6,1,2022BU00140503,2022
BU00140505,Driebond,WK001405,GM0014,Groningen,1,NEE,9723,1,401,5,17,15,15,5,-99999999,-99999999,-99999999,-99999999,-99999999,-99999999,-99999999,-99999999,-99999999,15,86,14,0,1.1,-99999999,-99999999,-99999999,-99999999,-99999999,-99999999,-99999999,96,91,4,2022BU00140505,2022
BU00140300,De Hoogte,WK001403,GM0014,Groningen,1,NEE,9716,1,5230,1,7406,4085,2085,2000,13,18,45,17,6,80,12,7,1,2715,67,17,16,1.5,12,27,2,4,4,2,15,57,55,2,2022BU00140300,2022
BU00141906,Zuidlaardermeer,WK001419,GM0014,Groningen,1,NEE,9479,1,33,5,-99999999,5,0,5,-99999999,-99999999,-99999999,-99999999,-99999999,-99999999,-99999999,-99999999,-99999999,5,-99999999,-99999999,-99999999,1.3,-99999999,-99999999,-99999999,-99999999,-99999999,-99999999,-99999999,259,115,144,2022BU00141906,2022
BU00140806,Gravenburg,WK001408,GM0014,Groningen,1,NEE,9746,1,476,5,1460,2200,1130,1075,22,17,19,37,6,55,40,4,1,720,10,24,66,3.1,7,8,1,1,2,0,3,154,151,3,2022BU00140806,2022
BU00140108,Stadspark,WK001401,GM0014,Groningen,1,NEE,9727,1,2220,2,14,15,15,5,-99999999,-99999999,-99999999,-99999999,-99999999,-99999999,-99999999,-99999999,-99999999,20,88,6,6,1.1,-99999999,-99999999,-99999999,-99999999,-99999999,-99999999,-99999999,139,129,10,2022BU00140108,2022
BU00141908,Appelbergen Glimmen,WK001419,GM0014,Groningen,1,NEE,9756,1,123,5,-99999999,0,0,0,-99999999,-99999999,-99999999,-99999999,-99999999,-99999999,-99999999,-99999999,-99999999,0,-99999999,-99999999,-99999999,-99999999.0,-99999999,-99999999,-99999999,-99999999,-99999999,-99999999,-99999999,33,33,0,2022BU00141908,2022
BU00140400,Gorechtbuurt,WK001404,GM0014,Groningen,1,NEE,9713,1,5320,1,12416,4680,2250,2425,7,28,42,15,9,80,12,6,2,3220,67,24,9,1.5,15,12,1,1,1,1,8,38,38,1,2022BU00140400,2022
BU00141904,Buitengebied Onnen,WK001419,GM0014,Groningen,1,NEE,9755,1,162,5,22,265,125,140,13,14,13,32,28,40,55,2,3,105,20,41,40,2.5,7,1,-99999999,-99999999,-99999999,-99999999,-99999999,1262,1231,31,2022BU00141904,2022
BU00141402,Lageland GN,WK001414,GM0014,Groningen,1,NEE,9622,1,69,5,13,75,45,35,23,10,14,37,15,67,26,5,3,30,17,40,43,2.6,6,1,-99999999,-99999999,-99999999,-99999999,-99999999,613,579,34,2022BU00141402,2022
BU00140604,Helpman,WK001406,GM0014,Groningen,1,NEE,9722,5,3318,1,10113,5935,2925,3005,10,19,38,21,13,72,17,8,2,3875,66,20,14,1.5,15,8,0,1,1,0,6,59,59,1,2022BU00140604,2022
BU00140007,UMCG,WK001400,GM0014,Groningen,1,NEE,9713,1,6513,1,-99999999,0,0,0,-99999999,-99999999,-99999999,-99999999,-99999999,-99999999,-99999999,-99999999,-99999999,0,-99999999,-99999999,-99999999,-99999999.0,-99999999,-99999999,-99999999,-99999999,-99999999,-99999999,-99999999,24,24,0,2022BU00140007,2022
BU00141506,Bedrijventerrein Ten Boer,WK001415,GM0014,Groningen,1,NEE,9791,1,374,5,286,40,25,15,-99999999,-99999999,-99999999,-99999999,-99999999,-99999999,-99999999,-99999999,-99999999,15,13,50,38,2.5,-99999999,-99999999,-99999999,-99999999,-99999999,-99999999,-99999999,15,14,1,2022BU00141506,2022
BU00141203,Oosterhoogebrug,WK001412,GM0014,Groningen,1,NEE,9731,1,1461,3,2571,2180,1130,1045,12,10,27,27,24,51,37,7,5,1145,42,34,25,1.9,9,9,0,2,1,1,6,96,85,12,2022BU00141203,2022
BU00141603,Winneweer,WK001416,GM0014,Groningen,1,NEE,9793,1,43,5,134,100,60,40,12,7,23,34,24,45,47,4,4,45,28,43,28,2.2,4,3,-99999999,-99999999,-99999999,-99999999,-99999999,77,75,3,2022BU00141603,2022
BU00140805,Leegkerk,WK001408,GM0014,Groningen,1,NEE,9746,1,209,5,23,70,40,35,18,10,11,38,23,53,37,5,4,30,18,39,43,2.6,1,0,-99999999,-99999999,-99999999,-99999999,-99999999,322,316,6,2022BU00140805,2022
BU00140511,Waterhuizen,WK001405,GM0014,Groningen,1,NEE,9723,1,6,5,-99999999,5,5,5,-99999999,-99999999,-99999999,-99999999,-99999999,-99999999,-99999999,-99999999,-99999999,0,-99999999,-99999999,-99999999,6.0,-99999999,-99999999,-99999999,-99999999,-99999999,-99999999,-99999999,48,45,3,2022BU00140511,2022
BU00140003,Binnenstad-West,WK001400,GM0014,Groningen,1,NEE,9718,1,6369,1,17536,1710,950,765,3,40,38,9,10,84,11,4,2,1370,80,17,3,1.3,20,11,0,0,1,1,8,11,10,1,2022BU00140003,2022
BU00140809,Bangeweer,WK001408,GM0014,Groningen,1,NEE,9744,1,511,4,317,255,135,120,12,12,21,35,20,54,37,6,3,110,28,38,35,2.3,7,1,-99999999,-99999999,-99999999,-99999999,-99999999,90,81,9,2022BU00140809,2022
BU00141700,Haren-Centrum,WK001417,GM0014,Groningen,1,NEE,9752,4,1323,3,3962,1140,540,600,11,9,23,21,36,44,35,10,11,660,55,29,16,1.7,9,7,0,0,1,0,5,29,29,0,2022BU00141700,2022
BU00141602,Woltersum,WK001416,GM0014,Groningen,1,NEE,9795,1,53,5,126,350,180,165,15,12,18,40,14,50,38,7,4,150,34,26,39,2.3,4,4,0,0,1,1,2,276,274,1,2022BU00141602,2022
BU00141102,De Hunze,WK001411,GM0014,Groningen,1,NEE,9731,1,1602,2,4934,2410,1195,1210,15,10,23,33,18,50,41,6,2,1060,26,40,35,2.3,10,6,0,0,1,1,3,50,49,1,2022BU00141102,2022
BU00140107,Laanhuizen,WK001401,GM0014,Groningen,1,NEE,9727,1,3495,1,6133,1265,625,630,5,30,40,16,8,81,12,5,2,860,65,27,8,1.5,11,7,0,1,1,0,5,21,21,0,2022BU00140107,2022
BU00141604,Wittewierum,WK001416,GM0014,Groningen,1,NEE,9792,1,18,5,96,70,40,35,4,14,17,41,23,41,49,4,6,30,31,38,31,2.2,3,0,-99999999,-99999999,-99999999,-99999999,-99999999,72,72,0,2022BU00141604,2022
BU00141106,Koningslaagte,WK001411,GM0014,Groningen,1,NEE,9738,1,214,5,11,75,40,35,15,13,24,21,27,47,45,5,3,30,20,47,33,2.5,5,1,-99999999,-99999999,-99999999,-99999999,-99999999,698,686,12,2022BU00141106,2022
BU00140801,Hoogkerk-Zuid,WK001408,GM0014,Groningen,1,NEE,9744,1,893,4,2384,5235,2565,2670,17,11,24,26,22,49,37,8,6,2435,36,30,34,2.1,8,6,0,1,1,1,4,250,220,30,2022BU00140801,2022
BU00140500,De Linie,WK001405,GM0014,Groningen,1,NEE,9723,1,3313,1,8776,945,500,450,19,13,34,26,7,66,28,5,1,435,38,28,34,2.2,17,8,0,0,0,1,7,12,11,1,2022BU00140500,2022
BU00141707,Paterswoldsemeer,WK001417,GM0014,Groningen,1,NEE,9752,1,187,5,122,235,110,120,11,10,11,30,38,40,45,8,7,105,23,49,29,2.2,7,3,-99999999,-99999999,-99999999,-99999999,-99999999,466,191,275,2022BU00141707,2022
BU00141204,Ulgersmaborg,WK001412,GM0014,Groningen,1,NEE,9731,1,1635,2,2213,2220,1105,1120,20,10,28,28,15,55,37,6,2,945,25,35,40,2.4,9,9,0,1,1,0,5,105,100,4,2022BU00141204,2022
BU00140900,Vinkhuizen-Noord,WK001409,GM0014,Groningen,1,NEE,9743,1,2875,1,6898,5960,3020,2935,11,25,31,17,15,66,23,7,4,3625,61,22,17,1.6,16,21,2,2,2,2,13,87,86,0,2022BU00140900,2022
BU00141800,Oosterhaar,WK001418,GM0014,Groningen,1,NEE,9753,1,982,4,3860,4255,2080,2170,17,11,20,30,22,47,42,8,4,1830,31,32,37,2.3,7,6,0,0,0,1,5,111,110,0,2022BU00141800,2022
BU00140905,Dorkwerd,WK001409,GM0014,Groningen,1,NEE,9746,1,93,5,38,75,45,30,17,5,25,24,28,51,43,4,3,35,45,37,18,2.0,4,0,-99999999,-99999999,-99999999,-99999999,-99999999,203,200,3,2022BU00140905,2022
BU00141105,Het Witte Lam,WK001411,GM0014,Groningen,1,NEE,9738,1,1076,3,259,45,30,15,-99999999,-99999999,-99999999,-99999999,-99999999,-99999999,-99999999,-99999999,-99999999,30,65,15,19,1.7,-99999999,-99999999,-99999999,-99999999,-99999999,-99999999,-99999999,17,17,0,2022BU00141105,2022
BU00140705,Bruilweering,WK001407,GM0014,Groningen,1,NEE,9728,3,339,5,276,35,25,10,-99999999,-99999999,-99999999,-99999999,-99999999,-99999999,-99999999,-99999999,-99999999,25,76,4,20,1.4,-99999999,-99999999,-99999999,-99999999,-99999999,-99999999,-99999999,13,13,0,2022BU00140705,2022
BU00141202,Lewenborg-West,WK001412,GM0014,Groningen,1,NEE,9732,1,1474,3,3313,1755,860,900,16,13,28,24,20,54,35,8,3,855,38,31,31,2.1,11,11,0,2,2,1,6,55,53,2,2022BU00141202,2022
BU00141708,Buitengebied Haren-Zuidoost,WK001417,GM0014,Groningen,1,NEE,9751,5,145,5,290,375,185,195,13,12,11,36,28,45,46,6,3,155,18,44,37,2.5,7,5,0,1,1,0,3,130,130,0,2022BU00141708,2022
BU00141905,Buitengebied Noordlaren,WK001419,GM0014,Groningen,1,NEE,9479,1,34,5,26,160,85,80,6,7,10,33,44,37,54,4,4,80,27,54,19,2.0,5,2,-99999999,-99999999,-99999999,-99999999,-99999999,644,630,14,2022BU00141905,2022
BU00141001,Paddepoel-Zuid,WK001410,GM0014,Groningen,1,NEE,9742,1,4964,1,9622,5245,2590,2650,15,20,33,19,14,71,18,7,3,3030,62,16,21,1.7,10,27,2,4,3,2,15,56,55,1,2022BU00141001,2022
BU00140008,Stationsgebied,WK001400,GM0014,Groningen,1,NEE,9726,1,5751,1,2839,365,165,200,0,65,10,7,17,79,13,5,3,330,90,9,1,1.1,51,14,0,3,0,1,10,15,13,2,2022BU00140008,2022
BU00141903,Buitengebied Glimmen,WK001419,GM0014,Groningen,1,NEE,9756,1,95,5,73,270,130,145,7,10,11,36,36,38,42,13,7,130,33,43,24,2.0,10,2,-99999999,-99999999,-99999999,-99999999,-99999999,388,375,13,2022BU00141903,2022
BU00140902,Hoendiep,WK001409,GM0014,Groningen,1,NEE,9743,1,1781,2,223,110,65,45,8,20,25,30,17,51,37,9,3,65,50,31,19,1.8,10,15,0,2,2,0,12,53,50,3,2022BU00140902,2022
BU00141209,Noorddijk,WK001412,GM0014,Groningen,1,NEE,9734,1,812,4,44,95,45,55,8,15,14,31,31,40,51,3,6,45,33,40,27,2.2,5,1,-99999999,-99999999,-99999999,-99999999,-99999999,224,219,6,2022BU00141209,2022
BU00140201,Noorderplantsoenbuurt,WK001402,GM0014,Groningen,1,NEE,9717,1,6307,1,15343,3835,1835,2000,6,31,35,19,9,83,12,5,1,2695,71,21,9,1.4,20,8,0,1,1,0,6,25,25,0,2022BU00140201,2022
BU00140100,De Meeuwen,WK001401,GM0014,Groningen,1,NEE,9723,1,4369,1,6785,1480,710,775,9,29,24,20,17,69,23,6,2,995,68,20,12,1.5,30,8,0,1,1,0,6,23,22,1,2022BU00140100,2022
BU00141104,Noorderhoogebrug,WK001411,GM0014,Groningen,1,NEE,9738,1,1194,3,558,270,140,130,11,15,16,38,20,52,36,8,4,130,40,33,27,2.0,6,4,0,1,1,0,2,51,49,2,2022BU00141104,2022
BU00140109,Martini Trade Park,WK001401,GM0014,Groningen,1,NEE,9727,1,2790,1,175,45,10,35,-99999999,-99999999,-99999999,-99999999,-99999999,-99999999,-99999999,-99999999,-99999999,40,100,0,0,1.1,-99999999,-99999999,-99999999,-99999999,-99999999,-99999999,-99999999,25,25,0,2022BU00140109,2022
BU00140510,Roodehaan,WK001405,GM0014,Groningen,1,NEE,9723,1,18,5,13,25,15,15,-99999999,-99999999,-99999999,-99999999,-99999999,-99999999,-99999999,-99999999,-99999999,15,43,43,14,1.8,-99999999,-99999999,-99999999,-99999999,-99999999,-99999999,-99999999,195,191,4,2022BU00140510,2022
BU00141000,Selwerd,WK001410,GM0014,Groningen,1,NEE,9741,1,4206,1,7155,5900,2910,2990,12,28,26,17,17,68,19,7,5,3710,67,17,16,1.6,12,26,2,3,3,2,16,84,82,1,2022BU00141000,2022
BU00141401,Harkstede GN,WK001414,GM0014,Groningen,1,NEE,9614,1,106,5,27,205,105,95,20,15,17,31,18,57,32,7,4,85,38,25,37,2.4,8,7,0,2,0,0,4,813,769,44,2022BU00141401,2022
BU00141302,Klein Harkstede,WK001413,GM0014,Groningen,1,NEE,9723,1,291,5,495,75,35,40,19,4,17,37,23,42,51,4,3,35,16,50,34,2.4,4,1,-99999999,-99999999,-99999999,-99999999,-99999999,19,16,3,2022BU00141302,2022
BU00140404,Damsterbuurt,WK001404,GM0014,Groningen,1,NEE,9713,1,3840,1,2731,750,395,355,5,32,39,15,9,84,9,5,2,580,79,14,7,1.3,13,13,1,3,2,0,8,37,27,10,2022BU00140404,2022
BU00140104,Grunobuurt,WK001401,GM0014,Groningen,1,NEE,9727,1,3693,1,9866,2160,1060,1095,7,24,44,16,9,80,12,6,2,1520,69,20,11,1.4,14,11,0,2,1,0,8,23,22,1,2022BU00140104,2022
BU00140903,Friesestraatweg,WK001409,GM0014,Groningen,1,NEE,9743,1,3735,1,4365,810,450,365,3,37,56,3,1,91,6,3,0,570,65,30,5,1.4,20,16,0,2,1,1,11,21,19,3,2022BU00140903,2022
BU00141210,Ruischerbrug,WK001412,GM0014,Groningen,1,NEE,9734,1,1047,3,2484,475,225,250,17,9,22,27,25,43,42,6,9,220,34,34,32,2.1,8,7,0,0,1,2,4,26,19,7,2022BU00141210,2022
BU00141901,Onnen Dorp,WK001419,GM0014,Groningen,1,NEE,9755,1,89,5,1127,435,215,225,16,10,16,37,21,41,49,6,3,175,23,34,43,2.5,6,1,-99999999,-99999999,-99999999,-99999999,-99999999,39,39,0,2022BU00141901,2022
BU00140606,De Wijert-Zuid,WK001406,GM0014,Groningen,1,NEE,9721,1,2217,2,3671,3390,1630,1765,20,9,20,27,24,49,38,7,5,1515,36,29,35,2.2,11,8,0,1,1,1,5,92,92,0,2022BU00140606,2022
BU00140401,Vogelbuurt,WK001404,GM0014,Groningen,1,NEE,9713,1,4236,1,7939,2795,1370,1430,14,13,41,21,10,71,17,9,3,1745,64,16,19,1.6,14,22,0,3,2,1,15,37,35,2,2022BU00140401,2022
BU00141206,Zilvermeer,WK001412,GM0014,Groningen,1,NEE,9735,1,1373,3,3583,220,110,110,16,11,16,36,21,49,41,5,5,85,17,43,40,2.5,4,9,0,1,1,0,6,7,6,1,2022BU00141206,2022
BU00140509,Stainkoel'n,WK001405,GM0014,Groningen,1,NEE,9723,1,105,5,-99999999,0,0,0,-99999999,-99999999,-99999999,-99999999,-99999999,-99999999,-99999999,-99999999,-99999999,0,-99999999,-99999999,-99999999,-99999999.0,-99999999,-99999999,-99999999,-99999999,-99999999,-99999999,-99999999,91,87,4,2022BU00140509,2022
BU00140600,Sterrebosbuurt,WK001406,GM0014,Groningen,1,NEE,9721,6,3716,1,1419,850,545,300,14,6,40,27,13,65,26,7,2,275,31,41,29,2.2,12,15,2,3,2,1,7,62,60,2,2022BU00140600,2022
BU00141709,Wolddeelen,WK001417,GM0014,Groningen,1,NEE,9752,1,352,5,-99999999,0,0,0,-99999999,-99999999,-99999999,-99999999,-99999999,-99999999,-99999999,-99999999,-99999999,0,-99999999,-99999999,-99999999,-99999999.0,-99999999,-99999999,-99999999,-99999999,-99999999,-99999999,-99999999,176,136,41,2022BU00141709,2022
BU00141002,Paddepoel-Noord,WK001410,GM0014,Groningen,1,NEE,9742,1,3957,1,9016,5955,2915,3045,8,26,26,16,23,62,23,8,7,4065,71,18,11,1.4,21,22,1,2,2,3,14,67,66,1,2022BU00141002,2022
BU00140901,Vinkhuizen-Zuid,WK001409,GM0014,Groningen,1,NEE,9743,1,2746,1,4659,4765,2235,2530,16,15,21,24,24,53,28,11,7,2365,49,22,29,2.0,12,25,3,3,4,2,13,104,102,2,2022BU00140901,2022
BU00140802,Westpoort,WK001408,GM0014,Groningen,1,NEE,9744,1,99,5,-99999999,5,5,5,-99999999,-99999999,-99999999,-99999999,-99999999,-99999999,-99999999,-99999999,-99999999,5,-99999999,-99999999,-99999999,1.3,-99999999,-99999999,-99999999,-99999999,-99999999,-99999999,-99999999,138,125,13,2022BU00140802,2022
BU00141703,Haren-Noord,WK001417,GM0014,Groningen,1,NEE,9751,2,815,4,1953,3890,1885,2005,26,7,26,19,22,53,33,5,8,1440,34,23,43,2.5,9,5,0,1,0,0,3,199,199,0,2022BU00141703,2022
BU00141208,Drielanden,WK001412,GM0014,Groningen,1,NEE,9734,1,1082,3,4008,925,465,455,15,12,16,39,18,49,42,8,1,390,25,36,40,2.4,9,4,0,0,2,0,2,25,23,2,2022BU00141208,2022
BU00141702,Haren-Zuidoost,WK001417,GM0014,Groningen,1,NEE,9751,1,1270,3,2119,3630,1745,1880,17,10,20,28,25,47,38,10,5,1725,42,27,31,2.1,9,5,0,0,0,0,3,172,171,1,2022BU00141702,2022
BU00140804,Zuidwending,WK001408,GM0014,Groningen,1,NEE,9745,1,228,5,26,40,25,15,-99999999,-99999999,-99999999,-99999999,-99999999,-99999999,-99999999,-99999999,-99999999,20,30,35,35,2.0,-99999999,-99999999,-99999999,-99999999,-99999999,-99999999,-99999999,163,155,8,2022BU00140804,2022
BU00140803,Vierverlaten,WK001408,GM0014,Groningen,1,NEE,9744,1,343,5,123,130,75,60,14,11,33,27,14,52,42,5,2,65,39,31,30,2.1,9,2,-99999999,-99999999,-99999999,-99999999,-99999999,110,107,3,2022BU00140803,2022
BU00140700,Corpus den Hoorn,WK001407,GM0014,Groningen,1,NEE,9728,1,2743,1,4056,4435,2175,2255,9,15,34,21,21,65,19,9,6,2810,64,22,14,1.5,12,15,1,1,1,1,11,114,109,4,2022BU00140700,2022
BU00140907,Westpark,WK001409,GM0014,Groningen,1,NEE,9745,1,591,4,125,85,50,35,6,5,56,28,6,77,14,7,2,60,61,27,12,1.5,9,6,-99999999,-99999999,-99999999,-99999999,-99999999,82,70,12,2022BU00140907,2022
BU00141403,Groenewei,WK001414,GM0014,Groningen,1,NEE,9613,1,237,5,269,95,50,40,32,0,63,3,2,63,36,1,0,30,12,32,56,2.8,3,5,-99999999,-99999999,-99999999,-99999999,-99999999,40,35,5,2022BU00141403,2022
BU00141300,Middelbert,WK001413,GM0014,Groningen,1,NEE,9723,1,208,5,35,110,55,55,17,12,19,28,25,55,39,4,3,40,37,26,37,2.4,9,4,-99999999,-99999999,-99999999,-99999999,-99999999,342,310,31,2022BU00141300,2022
BU00141710,Buitengebied Haren-Zuidwest,WK001417,GM0014,Groningen,1,NEE,9752,1,131,5,-99999999,0,0,0,-99999999,-99999999,-99999999,-99999999,-99999999,-99999999,-99999999,-99999999,-99999999,0,-99999999,-99999999,-99999999,-99999999.0,-99999999,-99999999,-99999999,-99999999,-99999999,-99999999,-99999999,239,224,15,2022BU00141710,2022
BU00140106,Zeeheldenbuurt,WK001401,GM0014,Groningen,1,NEE,9726,1,4008,1,9962,3330,1625,1700,3,50,34,9,4,89,8,3,1,2555,77,18,5,1.3,21,11,0,1,1,1,9,35,33,1,2022BU00140106,2022
BU00140603,Villabuurt,WK001406,GM0014,Groningen,1,NEE,9722,5,2154,2,1499,975,465,510,17,9,12,25,37,40,47,5,7,435,34,38,28,2.2,11,6,0,0,0,1,5,65,65,0,2022BU00140603,2022
BU00141211,Ruischerwaard,WK001412,GM0014,Groningen,1,NEE,9734,1,1212,3,5558,1240,620,620,18,10,29,33,11,55,38,5,2,515,21,36,43,2.4,8,6,0,1,3,0,2,28,22,6,2022BU00141211,2022
BU00141605,Buitengebied Ten Post,WK001416,GM0014,Groningen,1,NEE,9792,1,93,5,17,135,80,60,15,18,17,29,21,42,49,6,3,55,22,37,41,2.6,2,0,-99999999,-99999999,-99999999,-99999999,-99999999,807,801,6,2022BU00141605,2022
BU00141600,Ten Post Dorp,WK001416,GM0014,Groningen,1,NEE,9792,1,120,5,890,565,290,280,17,11,23,31,17,49,41,7,4,250,32,31,37,2.3,3,2,0,0,0,0,2,66,64,2,2022BU00141600,2022
BU00140101,Oosterpoort,WK001401,GM0014,Groningen,1,NEE,9724,1,4348,1,12446,4930,2415,2520,5,31,36,18,11,82,11,6,2,3600,72,20,8,1.4,17,9,0,1,1,0,6,42,40,2,2022BU00140101,2022
BU00141005,Tuinwijk,WK001410,GM0014,Groningen,1,NEE,9741,1,5739,1,9700,1505,725,785,13,21,41,18,7,80,11,7,2,965,65,19,16,1.6,13,17,0,2,3,1,10,16,16,0,2022BU00141005,2022
BU00141501,Buitengebied Ten Boer-Zuid,WK001415,GM0014,Groningen,1,NEE,9791,1,159,5,19,90,40,45,10,13,9,47,22,42,49,6,3,40,21,50,29,2.3,2,0,-99999999,-99999999,-99999999,-99999999,-99999999,468,461,7,2022BU00141501,2022
BU00141900,Glimmen Dorp,WK001419,GM0014,Groningen,1,NEE,9756,1,176,5,1283,1070,520,550,17,10,13,35,25,44,44,8,5,460,26,36,38,2.3,8,5,0,0,0,0,4,83,83,0,2022BU00141900,2022
BU00140402,Bloemenbuurt,WK001404,GM0014,Groningen,1,NEE,9713,1,3534,1,12129,2820,1405,1420,13,13,42,24,8,76,11,10,2,1870,65,18,18,1.5,11,21,1,3,2,2,13,23,23,0,2022BU00140402,2022
BU00140002,Binnenstad-Oost,WK001400,GM0014,Groningen,1,NEE,9711,3,6151,1,15484,4150,2185,1965,3,43,35,11,9,86,8,5,1,3285,80,16,4,1.3,18,15,1,2,1,1,11,29,27,2,2022BU00140002,2022
BU00141909,Appelbergen Onnen,WK001419,GM0014,Groningen,1,NEE,-99999999,-99999999,-99999999,-99999999,-99999999,0,0,0,-99999999,-99999999,-99999999,-99999999,-99999999,-99999999,-99999999,-99999999,-99999999,0,-99999999,-99999999,-99999999,-99999999.0,-99999999,-99999999,-99999999,-99999999,-99999999,-99999999,-99999999,12,12,0,2022BU00141909,2022
BU00140602,Klein Martijn,WK001406,GM0014,Groningen,1,NEE,9722,1,1491,3,2410,640,315,320,11,11,9,35,34,40,50,5,5,290,25,47,28,2.2,9,3,0,0,1,0,1,26,26,0,2022BU00140602,2022
BU00140507,Euvelgunne,WK001405,GM0014,Groningen,1,NEE,9723,1,267,5,56,55,35,20,11,18,25,31,15,62,24,11,4,25,52,16,32,2.2,5,2,-99999999,-99999999,-99999999,-99999999,-99999999,101,98,3,2022BU00140507,2022
BU00140906,De Held,WK001409,GM0014,Groningen,1,NEE,9745,5,1412,3,2781,2510,1250,1260,16,14,22,33,16,50,41,6,4,1040,26,32,42,2.4,8,9,0,1,3,0,4,98,90,7,2022BU00140906,2022
BU00141200,Lewenborg-Noord,WK001412,GM0014,Groningen,1,NEE,9733,1,1390,3,6176,3675,1745,1925,17,9,25,24,25,53,29,12,6,1895,47,23,30,1.9,11,16,0,4,2,1,9,59,59,0,2022BU00141200,2022
BU00141902,Noordlaren Dorp,WK001419,GM0014,Groningen,1,NEE,9479,1,89,5,796,385,190,190,14,9,14,35,28,41,48,8,3,175,25,46,30,2.2,6,2,0,0,1,0,1,48,48,0,2022BU00141902,2022
BU00141704,Essen,WK001417,GM0014,Groningen,1,NEE,9751,1,546,4,98,85,40,45,11,11,17,35,27,54,40,2,4,35,20,46,34,2.4,5,1,-99999999,-99999999,-99999999,-99999999,-99999999,86,86,0,2022BU00141704,2022
BU00141801,Tuindorp,WK001418,GM0014,Groningen,1,NEE,9753,1,976,4,4509,785,370,410,15,11,21,32,21,46,41,8,4,345,30,32,38,2.3,9,7,0,1,1,0,5,17,17,0,2022BU00141801,2022
BU00140508,Winschoterdiep,WK001405,GM0014,Groningen,1,NEE,9723,1,857,4,34,45,30,15,-99999999,-99999999,-99999999,-99999999,-99999999,-99999999,-99999999,-99999999,-99999999,30,71,10,19,1.4,-99999999,-99999999,-99999999,-99999999,-99999999,-99999999,-99999999,141,130,11,2022BU00140508,2022
BU00140701,Hoornse Meer,WK001407,GM0014,Groningen,1,NEE,9728,1,1984,2,4373,4275,2070,2205,10,10,23,27,29,54,28,11,7,2395,54,25,20,1.7,10,7,0,1,1,0,5,120,98,22,2022BU00140701,2022
BU00141502,Garmerwolde,WK001415,GM0014,Groningen,1,NEE,9798,1,74,5,86,495,250,245,11,12,16,35,26,40,48,7,5,225,28,43,29,2.2,6,1,0,0,0,0,1,586,575,11,2022BU00141502,2022
BU00140807,Suikerfabriekterrein,WK001408,GM0014,Groningen,1,NEE,9743,1,2156,2,644,335,185,150,2,72,21,5,0,97,2,1,0,315,97,1,2,1.1,67,22,0,1,1,1,19,77,52,25,2022BU00140807,2022
BU00140800,Hoogkerk Dorp,WK001408,GM0014,Groningen,1,NEE,9745,1,712,4,1362,1780,895,880,13,13,24,29,22,52,34,8,6,905,44,27,29,2.0,7,8,0,1,1,0,5,139,130,8,2022BU00140800,2022
BU00141802,Felland,WK001418,GM0014,Groningen,1,NEE,9753,1,630,4,127,30,20,15,-99999999,-99999999,-99999999,-99999999,-99999999,-99999999,-99999999,-99999999,-99999999,15,23,38,38,2.5,-99999999,-99999999,-99999999,-99999999,-99999999,-99999999,-99999999,25,25,0,2022BU00141802,2022
BU00140302,Professorenbuurt,WK001403,GM0014,Groningen,1,NEE,9714,1,5392,1,11226,5975,2825,3150,8,38,35,13,6,84,11,3,1,4120,69,21,9,1.4,16,9,0,1,1,0,6,57,53,4,2022BU00140302,2022
BU00141101,Beijum-Oost,WK001411,GM0014,Groningen,1,NEE,9736,1,1520,2,6541,6100,3110,2995,18,12,29,29,12,62,25,11,2,3185,50,20,31,1.9,11,19,1,6,2,1,10,94,93,1,2022BU00141101,2022
BU00140200,Oranjebuurt,WK001402,GM0014,Groningen,1,NEE,9717,1,5470,1,9810,2570,1225,1345,9,23,29,22,17,71,18,9,3,1650,62,23,15,1.6,14,10,0,1,1,0,7,27,26,1,2022BU00140200,2022
BU00140004,Noorderplantsoen,WK001400,GM0014,Groningen,1,NEE,9717,2,6311,1,-99999999,10,5,5,-99999999,-99999999,-99999999,-99999999,-99999999,-99999999,-99999999,-99999999,-99999999,5,-99999999,-99999999,-99999999,1.8,-99999999,-99999999,-99999999,-99999999,-99999999,-99999999,-99999999,20,19,0,2022BU00140004,2022
BU00140202,Schildersbuurt,WK001402,GM0014,Groningen,1,NEE,9718,1,5488,1,14937,5450,2670,2780,4,43,29,14,10,81,13,4,2,4010,75,19,6,1.4,17,8,0,1,1,0,7,39,36,3,2022BU00140202,2022
BU00141505,Buitengebied Ten Boer-Noord,WK001415,GM0014,Groningen,1,NEE,9791,1,408,5,41,80,45,35,19,14,21,35,12,52,37,10,1,30,28,19,53,2.5,2,2,-99999999,-99999999,-99999999,-99999999,-99999999,198,197,1,2022BU00141505,2022
BU00141100,Beijum-West,WK001411,GM0014,Groningen,1,NEE,9737,1,1681,2,4976,5850,2960,2890,15,13,28,30,14,59,28,10,2,3100,49,23,28,1.9,11,15,0,4,3,1,7,120,118,2,2022BU00141100,2022
BU00140005,Hortusbuurt-Ebbingekwartier,WK001400,GM0014,Groningen,1,NEE,9712,2,6786,1,13132,5710,2860,2850,5,38,32,15,11,80,13,5,2,4305,79,16,6,1.3,21,11,0,2,1,1,8,45,43,1,2022BU00140005,2022
BU00141706,Nesciopark,WK001417,GM0014,Groningen,1,NEE,9752,1,940,4,654,30,15,10,-99999999,-99999999,-99999999,-99999999,-99999999,-99999999,-99999999,-99999999,-99999999,5,-99999999,-99999999,-99999999,4.3,-99999999,-99999999,-99999999,-99999999,-99999999,-99999999,-99999999,5,5,0,2022BU00141706,2022
BU00141404,Tersluis,WK001414,GM0014,Groningen,1,NEE,9613,1,173,5,2480,990,515,480,34,6,40,17,4,61,35,4,0,315,8,25,67,3.1,5,6,1,0,1,1,4,59,40,19,2022BU00141404,2022
BU00141207,Kardinge,WK001412,GM0014,Groningen,1,NEE,9735,1,1244,3,-99999999,0,0,0,-99999999,-99999999,-99999999,-99999999,-99999999,-99999999,-99999999,-99999999,-99999999,0,-99999999,-99999999,-99999999,2.0,-99999999,-99999999,-99999999,-99999999,-99999999,-99999999,-99999999,112,98,14,2022BU00141207,2022
BU00141004,Selwerderhof,WK001410,GM0014,Groningen,1,NEE,9741,5,1471,3,-99999999,5,5,0,-99999999,-99999999,-99999999,-99999999,-99999999,-99999999,-99999999,-99999999,-99999999,0,-99999999,-99999999,-99999999,1.7,-99999999,-99999999,-99999999,-99999999,-99999999,-99999999,-99999999,100,90,10,2022BU00141004,2022
BU00140105,Badstratenbuurt,WK001401,GM0014,Groningen,1,NEE,9726,1,5526,1,14174,855,425,425,4,36,39,14,8,87,6,5,1,650,75,20,5,1.3,17,9,0,1,1,0,6,7,6,1,2022BU00140105,2022
BU00140501,Europapark,WK001405,GM0014,Groningen,1,NEE,9723,1,2127,2,2681,1175,590,585,5,10,31,18,36,49,33,7,12,795,62,31,6,1.5,11,6,0,1,1,0,5,48,44,4,2022BU00140501,2022
BU00140001,Binnenstad-Zuid,WK001400,GM0014,Groningen,1,NEE,9711,1,6417,1,12037,6630,3565,3065,2,48,33,10,7,88,7,4,1,5375,82,15,3,1.2,20,13,0,1,1,1,9,59,55,4,2022BU00140001,2022
BU00141705,Buitengebied Haren-Noordwest,WK001417,GM0014,Groningen,1,NEE,9752,1,513,4,13,15,10,5,-99999999,-99999999,-99999999,-99999999,-99999999,-99999999,-99999999,-99999999,-99999999,5,-99999999,-99999999,-99999999,2.6,-99999999,-99999999,-99999999,-99999999,-99999999,-99999999,-99999999,101,98,3,2022BU00141705,2022
BU00140703,Van Swieten,WK001407,GM0014,Groningen,1,NEE,9728,1,1383,3,116,40,40,5,-99999999,-99999999,-99999999,-99999999,-99999999,-99999999,-99999999,-99999999,-99999999,45,100,0,0,1.0,-99999999,-99999999,-99999999,-99999999,-99999999,-99999999,-99999999,37,37,0,2022BU00140703,2022
BU00141103,Van Starkenborgh,WK001411,GM0014,Groningen,1,NEE,9731,1,2626,1,5858,930,475,455,23,14,21,35,8,60,34,5,1,320,12,30,58,2.9,6,10,0,0,2,2,6,18,16,3,2022BU00141103,2022
BU00141503,Thesinge,WK001415,GM0014,Groningen,1,NEE,9797,1,56,5,55,560,280,280,18,9,15,35,23,48,45,5,2,230,23,42,35,2.4,4,1,-99999999,-99999999,-99999999,-99999999,-99999999,1013,1008,5,2022BU00141503,2022
BU00140502,Eemskanaal,WK001405,GM0014,Groningen,1,NEE,9723,1,1337,3,30,35,25,15,-99999999,-99999999,-99999999,-99999999,-99999999,-99999999,-99999999,-99999999,-99999999,30,81,16,3,1.2,-99999999,-99999999,-99999999,-99999999,-99999999,-99999999,-99999999,144,125,18,2022BU00140502,2022
BU00140403,Florabuurt,WK001404,GM0014,Groningen,1,NEE,9713,1,2794,1,5891,1470,735,730,13,16,43,22,8,70,20,7,3,880,57,22,20,1.7,12,11,0,2,2,0,7,29,25,4,2022BU00140403,2022
BU00141500,Ten Boer Dorp,WK001415,GM0014,Groningen,1,NEE,9791,1,551,4,1978,4450,2185,2260,18,11,22,26,24,44,42,7,7,1840,30,32,38,2.3,5,4,0,0,0,0,3,228,225,3,2022BU00141500,2022
BU00140811,Kranenburg,WK001408,GM0014,Groningen,1,NEE,9727,1,395,5,-99999999,5,5,0,-99999999,-99999999,-99999999,-99999999,-99999999,-99999999,-99999999,-99999999,-99999999,5,-99999999,-99999999,-99999999,2.0,-99999999,-99999999,-99999999,-99999999,-99999999,-99999999,-99999999,32,31,1,2022BU00140811,2022
BU00140504,Woonschepenhaven,WK001405,GM0014,Groningen,1,NEE,9723,1,1045,3,2042,135,70,65,8,20,26,31,15,70,22,6,2,85,62,22,15,1.6,18,1,-99999999,-99999999,-99999999,-99999999,-99999999,12,7,5,2022BU00140504,2022
BU00140702,Hoornse Park,WK001407,GM0014,Groningen,1,NEE,9728,1,988,4,2223,745,370,370,18,7,18,28,29,46,46,4,3,305,20,45,35,2.4,12,4,0,0,1,0,2,33,33,0,2022BU00140702,2022
