"ID";"Geslacht";"Leeftijd";"Nationaliteit";"RegioS";"Perioden";"Bevolking_1"
"2350";"T001038";"10000";"T001059";"GM0363";"2021JJ00";"873338"
"24302";"T001038";"10000";"NAT9489";"GM0363";"2021JJ00";"162462"
"46254";"T001038";"10000";"NAT9267";"GM0363";"2021JJ00";"710876"
"68206";"T001038";"10000";"NAT9269";"GM0363";"2021JJ00";"16905"
"90158";"T001038";"10000";"NAT9270";"GM0363";"2021JJ00";"15636"
"112110";"T001038";"10000";"NAT9271";"GM0363";"2021JJ00";"21518"
"134062";"T001038";"10000";"NAT9272";"GM0363";"2021JJ00";"104642"
"156014";"T001038";"10000";"NAT9274";"GM0363";"2021JJ00";"1889"
"177966";"T001038";"10000";"NAT9275";"GM0363";"2021JJ00";"73971"
"199918";"T001038";"10000";"NAT9277";"GM0363";"2021JJ00";"19260"
"221870";"T001038";"10000";"NAT9481";"GM0363";"2021JJ00";"26656"
"243822";"T001038";"10000";"NAT9482";"GM0363";"2021JJ00";"108103"
"265774";"T001038";"10000";"NAT9483";"GM0363";"2021JJ00";"52487"
"287726";"T001038";"10000";"NAT9281";"GM0363";"2021JJ00";"7506"
"309678";"T001038";"10000";"NAT9292";"GM0363";"2021JJ00";"2862"
"331630";"T001038";"10000";"NAT9300";"GM0363";"2021JJ00";"2568"
"353582";"T001038";"10000";"NAT9301";"GM0363";"2021JJ00";"12881"
"375534";"T001038";"10000";"NAT9303";"GM0363";"2021JJ00";"5138"
"397486";"T001038";"10000";"NAT9322";"GM0363";"2021JJ00";"10158"
"419438";"T001038";"10000";"NAT9310";"GM0363";"2021JJ00";"3703"
"441390";"T001038";"10000";"NAT9326";"GM0363";"2021JJ00";"1759"
"463342";"T001038";"10000";"NAT9332";"GM0363";"2021JJ00";"8316"
"485294";"T001038";"10000";"NAT9338";"GM0363";"2021JJ00";"3056"
"507246";"T001038";"10000";"NAT9345";"GM0363";"2021JJ00";"1787"
"529198";"T001038";"10000";"NAT9346";"GM0363";"2021JJ00";"1974"
"551150";"T001038";"10000";"NAT9348";"GM0363";"2021JJ00";"4465"
"573102";"T001038";"10000";"NAT9349";"GM0363";"2021JJ00";"1382"
"595054";"T001038";"10000";"NAT9350";"GM0363";"2021JJ00";"281"
"617006";"T001038";"10000";"NAT9353";"GM0363";"2021JJ00";"12040"
"638958";"T001038";"10000";"NAT9356";"GM0363";"2021JJ00";"1552"
"660910";"T001038";"10000";"NAT9387";"GM0363";"2021JJ00";"7767"
"682862";"T001038";"10000";"NAT9415";"GM0363";"2021JJ00";"4198"
"704814";"T001038";"10000";"NAT9416";"GM0363";"2021JJ00";"3971"
"726766";"T001038";"10000";"NAT9417";"GM0363";"2021JJ00";"3912"
"748718";"T001038";"10000";"NAT9418";"GM0363";"2021JJ00";"2953"
"770670";"T001038";"10000";"NAT9440";"GM0363";"2021JJ00";"7589"
"792622";"T001038";"10000";"NAT9442";"GM0363";"2021JJ00";"1331"
"814574";"T001038";"10000";"NAT9444";"GM0363";"2021JJ00";"3068"
"836526";"T001038";"10000";"NAT9448";"GM0363";"2021JJ00";"362"
"858478";"T001038";"10000";"NAT9458";"GM0363";"2021JJ00";"10143"
"880430";"T001038";"10000";"NAT9475";"GM0363";"2021JJ00";"7379"
"902382";"T001038";"10000";"NAT9476";"GM0363";"2021JJ00";"4231"
"924334";"T001038";"10000";"NAT9477";"GM0363";"2021JJ00";"6705"
"946286";"T001038";"10000";"NAT9478";"GM0363";"2021JJ00";"13664"
"968238";"T001038";"10000";"NAT9480";"GM0363";"2021JJ00";"1872"
"990190";"T001038";"70100";"T001059";"GM0363";"2021JJ00";"44562"
"1012142";"T001038";"70100";"NAT9489";"GM0363";"2021JJ00";"6791"
"1034094";"T001038";"70100";"NAT9267";"GM0363";"2021JJ00";"37771"
"1056046";"T001038";"70100";"NAT9269";"GM0363";"2021JJ00";"752"
"1077998";"T001038";"70100";"NAT9270";"GM0363";"2021JJ00";"440"
"1099950";"T001038";"70100";"NAT9271";"GM0363";"2021JJ00";"1008"
"1121902";"T001038";"70100";"NAT9272";"GM0363";"2021JJ00";"4278"
"1143854";"T001038";"70100";"NAT9274";"GM0363";"2021JJ00";"35"
"1165806";"T001038";"70100";"NAT9275";"GM0363";"2021JJ00";"3082"
"1187758";"T001038";"70100";"NAT9277";"GM0363";"2021JJ00";"930"
"1209710";"T001038";"70100";"NAT9481";"GM0363";"2021JJ00";"1008"
"1231662";"T001038";"70100";"NAT9482";"GM0363";"2021JJ00";"4358"
"1253614";"T001038";"70100";"NAT9483";"GM0363";"2021JJ00";"2155"
"1275566";"T001038";"70100";"NAT9281";"GM0363";"2021JJ00";"246"
"1297518";"T001038";"70100";"NAT9292";"GM0363";"2021JJ00";"104"
"1319470";"T001038";"70100";"NAT9300";"GM0363";"2021JJ00";"65"
"1341422";"T001038";"70100";"NAT9301";"GM0363";"2021JJ00";"452"
"1363374";"T001038";"70100";"NAT9303";"GM0363";"2021JJ00";"340"
"1385326";"T001038";"70100";"NAT9322";"GM0363";"2021JJ00";"361"
"1407278";"T001038";"70100";"NAT9310";"GM0363";"2021JJ00";"79"
"1429230";"T001038";"70100";"NAT9326";"GM0363";"2021JJ00";"251"
"1451182";"T001038";"70100";"NAT9332";"GM0363";"2021JJ00";"482"
"1473134";"T001038";"70100";"NAT9338";"GM0363";"2021JJ00";"122"
"1495086";"T001038";"70100";"NAT9345";"GM0363";"2021JJ00";"83"
"1517038";"T001038";"70100";"NAT9346";"GM0363";"2021JJ00";"46"
"1538990";"T001038";"70100";"NAT9348";"GM0363";"2021JJ00";"286"
"1560942";"T001038";"70100";"NAT9349";"GM0363";"2021JJ00";"27"
"1582894";"T001038";"70100";"NAT9350";"GM0363";"2021JJ00";"4"
"1604846";"T001038";"70100";"NAT9353";"GM0363";"2021JJ00";"508"
"1626798";"T001038";"70100";"NAT9356";"GM0363";"2021JJ00";"77"
"1648750";"T001038";"70100";"NAT9387";"GM0363";"2021JJ00";"123"
"1670702";"T001038";"70100";"NAT9415";"GM0363";"2021JJ00";"178"
"1692654";"T001038";"70100";"NAT9416";"GM0363";"2021JJ00";"115"
"1714606";"T001038";"70100";"NAT9417";"GM0363";"2021JJ00";"159"
"1736558";"T001038";"70100";"NAT9418";"GM0363";"2021JJ00";"169"
"1758510";"T001038";"70100";"NAT9440";"GM0363";"2021JJ00";"263"
"1780462";"T001038";"70100";"NAT9442";"GM0363";"2021JJ00";"38"
"1802414";"T001038";"70100";"NAT9444";"GM0363";"2021JJ00";"257"
"1824366";"T001038";"70100";"NAT9448";"GM0363";"2021JJ00";"7"
"1846318";"T001038";"70100";"NAT9458";"GM0363";"2021JJ00";"338"
"1868270";"T001038";"70100";"NAT9475";"GM0363";"2021JJ00";"378"
"1890222";"T001038";"70100";"NAT9476";"GM0363";"2021JJ00";"91"
"1912174";"T001038";"70100";"NAT9477";"GM0363";"2021JJ00";"271"
"1934126";"T001038";"70100";"NAT9478";"GM0363";"2021JJ00";"558"
"1956078";"T001038";"70100";"NAT9480";"GM0363";"2021JJ00";"278"
"1978030";"T001038";"70200";"T001059";"GM0363";"2021JJ00";"39339"
"1999982";"T001038";"70200";"NAT9489";"GM0363";"2021JJ00";"4938"
"2021934";"T001038";"70200";"NAT9267";"GM0363";"2021JJ00";"34401"
"2043886";"T001038";"70200";"NAT9269";"GM0363";"2021JJ00";"634"
"2065838";"T001038";"70200";"NAT9270";"GM0363";"2021JJ00";"402"
"2087790";"T001038";"70200";"NAT9271";"GM0363";"2021JJ00";"723"
"2109742";"T001038";"70200";"NAT9272";"GM0363";"2021JJ00";"3056"
"2131694";"T001038";"70200";"NAT9274";"GM0363";"2021JJ00";"32"
"2153646";"T001038";"70200";"NAT9275";"GM0363";"2021JJ00";"2127"
"2175598";"T001038";"70200";"NAT9277";"GM0363";"2021JJ00";"676"
"2197550";"T001038";"70200";"NAT9481";"GM0363";"2021JJ00";"631"
"2219502";"T001038";"70200";"NAT9482";"GM0363";"2021JJ00";"3146"
"2241454";"T001038";"70200";"NAT9483";"GM0363";"2021JJ00";"1701"
"2263406";"T001038";"70200";"NAT9281";"GM0363";"2021JJ00";"264"
"2285358";"T001038";"70200";"NAT9292";"GM0363";"2021JJ00";"70"
"2307310";"T001038";"70200";"NAT9300";"GM0363";"2021JJ00";"45"
"2329262";"T001038";"70200";"NAT9301";"GM0363";"2021JJ00";"353"
"2351214";"T001038";"70200";"NAT9303";"GM0363";"2021JJ00";"320"
"2373166";"T001038";"70200";"NAT9322";"GM0363";"2021JJ00";"255"
"2395118";"T001038";"70200";"NAT9310";"GM0363";"2021JJ00";"61"
"2417070";"T001038";"70200";"NAT9326";"GM0363";"2021JJ00";"183"
"2439022";"T001038";"70200";"NAT9332";"GM0363";"2021JJ00";"347"
"2460974";"T001038";"70200";"NAT9338";"GM0363";"2021JJ00";"39"
"2482926";"T001038";"70200";"NAT9345";"GM0363";"2021JJ00";"56"
"2504878";"T001038";"70200";"NAT9346";"GM0363";"2021JJ00";"46"
"2526830";"T001038";"70200";"NAT9348";"GM0363";"2021JJ00";"154"
"2548782";"T001038";"70200";"NAT9349";"GM0363";"2021JJ00";"26"
"2570734";"T001038";"70200";"NAT9350";"GM0363";"2021JJ00";"11"
"2592686";"T001038";"70200";"NAT9353";"GM0363";"2021JJ00";"291"
"2614638";"T001038";"70200";"NAT9356";"GM0363";"2021JJ00";"62"
"2636590";"T001038";"70200";"NAT9387";"GM0363";"2021JJ00";"159"
"2658542";"T001038";"70200";"NAT9415";"GM0363";"2021JJ00";"143"
"2680494";"T001038";"70200";"NAT9416";"GM0363";"2021JJ00";"106"
"2702446";"T001038";"70200";"NAT9417";"GM0363";"2021JJ00";"83"
"2724398";"T001038";"70200";"NAT9418";"GM0363";"2021JJ00";"112"
"2746350";"T001038";"70200";"NAT9440";"GM0363";"2021JJ00";"195"
"2768302";"T001038";"70200";"NAT9442";"GM0363";"2021JJ00";"31"
"2790254";"T001038";"70200";"NAT9444";"GM0363";"2021JJ00";"222"
"2812206";"T001038";"70200";"NAT9448";"GM0363";"2021JJ00";"4"
"2834158";"T001038";"70200";"NAT9458";"GM0363";"2021JJ00";"323"
"2856110";"T001038";"70200";"NAT9475";"GM0363";"2021JJ00";"292"
"2878062";"T001038";"70200";"NAT9476";"GM0363";"2021JJ00";"62"
"2900014";"T001038";"70200";"NAT9477";"GM0363";"2021JJ00";"183"
"2921966";"T001038";"70200";"NAT9478";"GM0363";"2021JJ00";"317"
"2943918";"T001038";"70200";"NAT9480";"GM0363";"2021JJ00";"91"
"2965870";"T001038";"70300";"T001059";"GM0363";"2021JJ00";"39165"
"2987822";"T001038";"70300";"NAT9489";"GM0363";"2021JJ00";"3624"
"3009774";"T001038";"70300";"NAT9267";"GM0363";"2021JJ00";"35541"
"3031726";"T001038";"70300";"NAT9269";"GM0363";"2021JJ00";"551"
"3053678";"T001038";"70300";"NAT9270";"GM0363";"2021JJ00";"328"
"3075630";"T001038";"70300";"NAT9271";"GM0363";"2021JJ00";"509"
"3097582";"T001038";"70300";"NAT9272";"GM0363";"2021JJ00";"2155"
"3119534";"T001038";"70300";"NAT9274";"GM0363";"2021JJ00";"28"
"3141486";"T001038";"70300";"NAT9275";"GM0363";"2021JJ00";"1468"
"3163438";"T001038";"70300";"NAT9277";"GM0363";"2021JJ00";"509"
"3185390";"T001038";"70300";"NAT9481";"GM0363";"2021JJ00";"438"
"3207342";"T001038";"70300";"NAT9482";"GM0363";"2021JJ00";"2138"
"3229294";"T001038";"70300";"NAT9483";"GM0363";"2021JJ00";"1433"
"3251246";"T001038";"70300";"NAT9281";"GM0363";"2021JJ00";"183"
"3273198";"T001038";"70300";"NAT9292";"GM0363";"2021JJ00";"41"
"3295150";"T001038";"70300";"NAT9300";"GM0363";"2021JJ00";"36"
"3317102";"T001038";"70300";"NAT9301";"GM0363";"2021JJ00";"269"
"3339054";"T001038";"70300";"NAT9303";"GM0363";"2021JJ00";"251"
"3361006";"T001038";"70300";"NAT9322";"GM0363";"2021JJ00";"181"
"3382958";"T001038";"70300";"NAT9310";"GM0363";"2021JJ00";"51"
"3404910";"T001038";"70300";"NAT9326";"GM0363";"2021JJ00";"110"
"3426862";"T001038";"70300";"NAT9332";"GM0363";"2021JJ00";"190"
"3448814";"T001038";"70300";"NAT9338";"GM0363";"2021JJ00";"20"
"3470766";"T001038";"70300";"NAT9345";"GM0363";"2021JJ00";"32"
"3492718";"T001038";"70300";"NAT9346";"GM0363";"2021JJ00";"28"
"3514670";"T001038";"70300";"NAT9348";"GM0363";"2021JJ00";"55"
"3536622";"T001038";"70300";"NAT9349";"GM0363";"2021JJ00";"31"
"3558574";"T001038";"70300";"NAT9350";"GM0363";"2021JJ00";"12"
"3580526";"T001038";"70300";"NAT9353";"GM0363";"2021JJ00";"178"
"3602478";"T001038";"70300";"NAT9356";"GM0363";"2021JJ00";"29"
"3624430";"T001038";"70300";"NAT9387";"GM0363";"2021JJ00";"204"
"3646382";"T001038";"70300";"NAT9415";"GM0363";"2021JJ00";"110"
"3668334";"T001038";"70300";"NAT9416";"GM0363";"2021JJ00";"65"
"3690286";"T001038";"70300";"NAT9417";"GM0363";"2021JJ00";"60"
"3712238";"T001038";"70300";"NAT9418";"GM0363";"2021JJ00";"48"
"3734190";"T001038";"70300";"NAT9440";"GM0363";"2021JJ00";"175"
"3756142";"T001038";"70300";"NAT9442";"GM0363";"2021JJ00";"50"
"3778094";"T001038";"70300";"NAT9444";"GM0363";"2021JJ00";"190"
"3800046";"T001038";"70300";"NAT9448";"GM0363";"2021JJ00";"9"
"3821998";"T001038";"70300";"NAT9458";"GM0363";"2021JJ00";"309"
"3843950";"T001038";"70300";"NAT9475";"GM0363";"2021JJ00";"237"
"3865902";"T001038";"70300";"NAT9476";"GM0363";"2021JJ00";"59"
"3887854";"T001038";"70300";"NAT9477";"GM0363";"2021JJ00";"132"
"3909806";"T001038";"70300";"NAT9478";"GM0363";"2021JJ00";"198"
"3931758";"T001038";"70300";"NAT9480";"GM0363";"2021JJ00";"53"
"3953710";"T001038";"70400";"T001059";"GM0363";"2021JJ00";"41539"
"3975662";"T001038";"70400";"NAT9489";"GM0363";"2021JJ00";"5285"
"3997614";"T001038";"70400";"NAT9267";"GM0363";"2021JJ00";"36254"
"4019566";"T001038";"70400";"NAT9269";"GM0363";"2021JJ00";"728"
"4041518";"T001038";"70400";"NAT9270";"GM0363";"2021JJ00";"404"
"4063470";"T001038";"70400";"NAT9271";"GM0363";"2021JJ00";"691"
"4085422";"T001038";"70400";"NAT9272";"GM0363";"2021JJ00";"3361"
"4107374";"T001038";"70400";"NAT9274";"GM0363";"2021JJ00";"33"
"4129326";"T001038";"70400";"NAT9275";"GM0363";"2021JJ00";"2428"
"4151278";"T001038";"70400";"NAT9277";"GM0363";"2021JJ00";"673"
"4173230";"T001038";"70400";"NAT9481";"GM0363";"2021JJ00";"724"
"4195182";"T001038";"70400";"NAT9482";"GM0363";"2021JJ00";"3264"
"4217134";"T001038";"70400";"NAT9483";"GM0363";"2021JJ00";"1953"
"4239086";"T001038";"70400";"NAT9281";"GM0363";"2021JJ00";"158"
"4261038";"T001038";"70400";"NAT9292";"GM0363";"2021JJ00";"115"
"4282990";"T001038";"70400";"NAT9300";"GM0363";"2021JJ00";"59"
"4304942";"T001038";"70400";"NAT9301";"GM0363";"2021JJ00";"259"
"4326894";"T001038";"70400";"NAT9303";"GM0363";"2021JJ00";"260"
"4348846";"T001038";"70400";"NAT9322";"GM0363";"2021JJ00";"414"
"4370798";"T001038";"70400";"NAT9310";"GM0363";"2021JJ00";"122"
"4392750";"T001038";"70400";"NAT9326";"GM0363";"2021JJ00";"82"
"4414702";"T001038";"70400";"NAT9332";"GM0363";"2021JJ00";"299"
"4436654";"T001038";"70400";"NAT9338";"GM0363";"2021JJ00";"59"
"4458606";"T001038";"70400";"NAT9345";"GM0363";"2021JJ00";"49"
"4480558";"T001038";"70400";"NAT9346";"GM0363";"2021JJ00";"57"
"4502510";"T001038";"70400";"NAT9348";"GM0363";"2021JJ00";"76"
"4524462";"T001038";"70400";"NAT9349";"GM0363";"2021JJ00";"48"
"4546414";"T001038";"70400";"NAT9350";"GM0363";"2021JJ00";"14"
"4568366";"T001038";"70400";"NAT9353";"GM0363";"2021JJ00";"290"
"4590318";"T001038";"70400";"NAT9356";"GM0363";"2021JJ00";"35"
"4612270";"T001038";"70400";"NAT9387";"GM0363";"2021JJ00";"314"
"4634222";"T001038";"70400";"NAT9415";"GM0363";"2021JJ00";"118"
"4656174";"T001038";"70400";"NAT9416";"GM0363";"2021JJ00";"108"
"4678126";"T001038";"70400";"NAT9417";"GM0363";"2021JJ00";"103"
"4700078";"T001038";"70400";"NAT9418";"GM0363";"2021JJ00";"94"
"4722030";"T001038";"70400";"NAT9440";"GM0363";"2021JJ00";"267"
"4743982";"T001038";"70400";"NAT9442";"GM0363";"2021JJ00";"74"
"4765934";"T001038";"70400";"NAT9444";"GM0363";"2021JJ00";"162"
"4787886";"T001038";"70400";"NAT9448";"GM0363";"2021JJ00";"15"
"4809838";"T001038";"70400";"NAT9458";"GM0363";"2021JJ00";"395"
"4831790";"T001038";"70400";"NAT9475";"GM0363";"2021JJ00";"332"
"4853742";"T001038";"70400";"NAT9476";"GM0363";"2021JJ00";"113"
"4875694";"T001038";"70400";"NAT9477";"GM0363";"2021JJ00";"219"
"4897646";"T001038";"70400";"NAT9478";"GM0363";"2021JJ00";"474"
"4919598";"T001038";"70400";"NAT9480";"GM0363";"2021JJ00";"68"
"4941550";"T001038";"70500";"T001059";"GM0363";"2021JJ00";"67669"
"4963502";"T001038";"70500";"NAT9489";"GM0363";"2021JJ00";"15594"
"4985454";"T001038";"70500";"NAT9267";"GM0363";"2021JJ00";"52075"
"5007406";"T001038";"70500";"NAT9269";"GM0363";"2021JJ00";"1050"
"5029358";"T001038";"70500";"NAT9270";"GM0363";"2021JJ00";"992"
"5051310";"T001038";"70500";"NAT9271";"GM0363";"2021JJ00";"2373"
"5073262";"T001038";"70500";"NAT9272";"GM0363";"2021JJ00";"10976"
"5095214";"T001038";"70500";"NAT9274";"GM0363";"2021JJ00";"96"
"5117166";"T001038";"70500";"NAT9275";"GM0363";"2021JJ00";"8499"
"5139118";"T001038";"70500";"NAT9277";"GM0363";"2021JJ00";"2228"
"5161070";"T001038";"70500";"NAT9481";"GM0363";"2021JJ00";"2307"
"5183022";"T001038";"70500";"NAT9482";"GM0363";"2021JJ00";"11243"
"5204974";"T001038";"70500";"NAT9483";"GM0363";"2021JJ00";"4244"
"5226926";"T001038";"70500";"NAT9281";"GM0363";"2021JJ00";"438"
"5248878";"T001038";"70500";"NAT9292";"GM0363";"2021JJ00";"319"
"5270830";"T001038";"70500";"NAT9300";"GM0363";"2021JJ00";"109"
"5292782";"T001038";"70500";"NAT9301";"GM0363";"2021JJ00";"1082"
"5314734";"T001038";"70500";"NAT9303";"GM0363";"2021JJ00";"468"
"5336686";"T001038";"70500";"NAT9322";"GM0363";"2021JJ00";"1616"
"5358638";"T001038";"70500";"NAT9310";"GM0363";"2021JJ00";"710"
"5380590";"T001038";"70500";"NAT9326";"GM0363";"2021JJ00";"259"
"5402542";"T001038";"70500";"NAT9332";"GM0363";"2021JJ00";"956"
"5424494";"T001038";"70500";"NAT9338";"GM0363";"2021JJ00";"191"
"5446446";"T001038";"70500";"NAT9345";"GM0363";"2021JJ00";"218"
"5468398";"T001038";"70500";"NAT9346";"GM0363";"2021JJ00";"207"
"5490350";"T001038";"70500";"NAT9348";"GM0363";"2021JJ00";"229"
"5512302";"T001038";"70500";"NAT9349";"GM0363";"2021JJ00";"100"
"5534254";"T001038";"70500";"NAT9350";"GM0363";"2021JJ00";"21"
"5556206";"T001038";"70500";"NAT9353";"GM0363";"2021JJ00";"1113"
"5578158";"T001038";"70500";"NAT9356";"GM0363";"2021JJ00";"111"
"5600110";"T001038";"70500";"NAT9387";"GM0363";"2021JJ00";"342"
"5622062";"T001038";"70500";"NAT9415";"GM0363";"2021JJ00";"410"
"5644014";"T001038";"70500";"NAT9416";"GM0363";"2021JJ00";"292"
"5665966";"T001038";"70500";"NAT9417";"GM0363";"2021JJ00";"487"
"5687918";"T001038";"70500";"NAT9418";"GM0363";"2021JJ00";"254"
"5709870";"T001038";"70500";"NAT9440";"GM0363";"2021JJ00";"711"
"5731822";"T001038";"70500";"NAT9442";"GM0363";"2021JJ00";"151"
"5753774";"T001038";"70500";"NAT9444";"GM0363";"2021JJ00";"414"
"5775726";"T001038";"70500";"NAT9448";"GM0363";"2021JJ00";"26"
"5797678";"T001038";"70500";"NAT9458";"GM0363";"2021JJ00";"581"
"5819630";"T001038";"70500";"NAT9475";"GM0363";"2021JJ00";"449"
"5841582";"T001038";"70500";"NAT9476";"GM0363";"2021JJ00";"294"
"5863534";"T001038";"70500";"NAT9477";"GM0363";"2021JJ00";"762"
"5885486";"T001038";"70500";"NAT9478";"GM0363";"2021JJ00";"2071"
"5907438";"T001038";"70500";"NAT9480";"GM0363";"2021JJ00";"107"
"5929390";"T001038";"70600";"T001059";"GM0363";"2021JJ00";"98375"
"5951342";"T001038";"70600";"NAT9489";"GM0363";"2021JJ00";"27205"
"5973294";"T001038";"70600";"NAT9267";"GM0363";"2021JJ00";"71170"
"5995246";"T001038";"70600";"NAT9269";"GM0363";"2021JJ00";"1908"
"6017198";"T001038";"70600";"NAT9270";"GM0363";"2021JJ00";"2349"
"6039150";"T001038";"70600";"NAT9271";"GM0363";"2021JJ00";"4056"
"6061102";"T001038";"70600";"NAT9272";"GM0363";"2021JJ00";"18336"
"6083054";"T001038";"70600";"NAT9274";"GM0363";"2021JJ00";"375"
"6105006";"T001038";"70600";"NAT9275";"GM0363";"2021JJ00";"13746"
"6126958";"T001038";"70600";"NAT9277";"GM0363";"2021JJ00";"3359"
"6148910";"T001038";"70600";"NAT9481";"GM0363";"2021JJ00";"5112"
"6170862";"T001038";"70600";"NAT9482";"GM0363";"2021JJ00";"19267"
"6192814";"T001038";"70600";"NAT9483";"GM0363";"2021JJ00";"7757"
"6214766";"T001038";"70600";"NAT9281";"GM0363";"2021JJ00";"1005"
"6236718";"T001038";"70600";"NAT9292";"GM0363";"2021JJ00";"539"
"6258670";"T001038";"70600";"NAT9300";"GM0363";"2021JJ00";"439"
"6280622";"T001038";"70600";"NAT9301";"GM0363";"2021JJ00";"2085"
"6302574";"T001038";"70600";"NAT9303";"GM0363";"2021JJ00";"655"
"6324526";"T001038";"70600";"NAT9322";"GM0363";"2021JJ00";"1734"
"6346478";"T001038";"70600";"NAT9310";"GM0363";"2021JJ00";"909"
"6368430";"T001038";"70600";"NAT9326";"GM0363";"2021JJ00";"371"
"6390382";"T001038";"70600";"NAT9332";"GM0363";"2021JJ00";"1667"
"6412334";"T001038";"70600";"NAT9338";"GM0363";"2021JJ00";"757"
"6434286";"T001038";"70600";"NAT9345";"GM0363";"2021JJ00";"349"
"6456238";"T001038";"70600";"NAT9346";"GM0363";"2021JJ00";"360"
"6478190";"T001038";"70600";"NAT9348";"GM0363";"2021JJ00";"974"
"6500142";"T001038";"70600";"NAT9349";"GM0363";"2021JJ00";"126"
"6522094";"T001038";"70600";"NAT9350";"GM0363";"2021JJ00";"60"
"6544046";"T001038";"70600";"NAT9353";"GM0363";"2021JJ00";"2478"
"6565998";"T001038";"70600";"NAT9356";"GM0363";"2021JJ00";"115"
"6587950";"T001038";"70600";"NAT9387";"GM0363";"2021JJ00";"555"
"6609902";"T001038";"70600";"NAT9415";"GM0363";"2021JJ00";"634"
"6631854";"T001038";"70600";"NAT9416";"GM0363";"2021JJ00";"527"
"6653806";"T001038";"70600";"NAT9417";"GM0363";"2021JJ00";"776"
"6675758";"T001038";"70600";"NAT9418";"GM0363";"2021JJ00";"598"
"6697710";"T001038";"70600";"NAT9440";"GM0363";"2021JJ00";"1350"
"6719662";"T001038";"70600";"NAT9442";"GM0363";"2021JJ00";"159"
"6741614";"T001038";"70600";"NAT9444";"GM0363";"2021JJ00";"574"
"6763566";"T001038";"70600";"NAT9448";"GM0363";"2021JJ00";"43"
"6785518";"T001038";"70600";"NAT9458";"GM0363";"2021JJ00";"935"
"6807470";"T001038";"70600";"NAT9475";"GM0363";"2021JJ00";"982"
"6829422";"T001038";"70600";"NAT9476";"GM0363";"2021JJ00";"746"
"6851374";"T001038";"70600";"NAT9477";"GM0363";"2021JJ00";"1255"
"6873326";"T001038";"70600";"NAT9478";"GM0363";"2021JJ00";"2892"
"6895278";"T001038";"70600";"NAT9480";"GM0363";"2021JJ00";"181"
"6917230";"T001038";"70700";"T001059";"GM0363";"2021JJ00";"92002"
"6939182";"T001038";"70700";"NAT9489";"GM0363";"2021JJ00";"29671"
"6961134";"T001038";"70700";"NAT9267";"GM0363";"2021JJ00";"62331"
"6983086";"T001038";"70700";"NAT9269";"GM0363";"2021JJ00";"2223"
"7005038";"T001038";"70700";"NAT9270";"GM0363";"2021JJ00";"3455"
"7026990";"T001038";"70700";"NAT9271";"GM0363";"2021JJ00";"4482"
"7048942";"T001038";"70700";"NAT9272";"GM0363";"2021JJ00";"18785"
"7070894";"T001038";"70700";"NAT9274";"GM0363";"2021JJ00";"531"
"7092846";"T001038";"70700";"NAT9275";"GM0363";"2021JJ00";"13371"
"7114798";"T001038";"70700";"NAT9277";"GM0363";"2021JJ00";"3908"
"7136750";"T001038";"70700";"NAT9481";"GM0363";"2021JJ00";"5018"
"7158702";"T001038";"70700";"NAT9482";"GM0363";"2021JJ00";"19899"
"7180654";"T001038";"70700";"NAT9483";"GM0363";"2021JJ00";"9577"
"7202606";"T001038";"70700";"NAT9281";"GM0363";"2021JJ00";"1425"
"7224558";"T001038";"70700";"NAT9292";"GM0363";"2021JJ00";"429"
"7246510";"T001038";"70700";"NAT9300";"GM0363";"2021JJ00";"782"
"7268462";"T001038";"70700";"NAT9301";"GM0363";"2021JJ00";"2114"
"7290414";"T001038";"70700";"NAT9303";"GM0363";"2021JJ00";"738"
"7312366";"T001038";"70700";"NAT9322";"GM0363";"2021JJ00";"1470"
"7334318";"T001038";"70700";"NAT9310";"GM0363";"2021JJ00";"686"
"7356270";"T001038";"70700";"NAT9326";"GM0363";"2021JJ00";"234"
"7378222";"T001038";"70700";"NAT9332";"GM0363";"2021JJ00";"1499"
"7400174";"T001038";"70700";"NAT9338";"GM0363";"2021JJ00";"842"
"7422126";"T001038";"70700";"NAT9345";"GM0363";"2021JJ00";"398"
"7444078";"T001038";"70700";"NAT9346";"GM0363";"2021JJ00";"325"
"7466030";"T001038";"70700";"NAT9348";"GM0363";"2021JJ00";"1462"
"7487982";"T001038";"70700";"NAT9349";"GM0363";"2021JJ00";"137"
"7509934";"T001038";"70700";"NAT9350";"GM0363";"2021JJ00";"43"
"7531886";"T001038";"70700";"NAT9353";"GM0363";"2021JJ00";"2419"
"7553838";"T001038";"70700";"NAT9356";"GM0363";"2021JJ00";"207"
"7575790";"T001038";"70700";"NAT9387";"GM0363";"2021JJ00";"750"
"7597742";"T001038";"70700";"NAT9415";"GM0363";"2021JJ00";"800"
"7619694";"T001038";"70700";"NAT9416";"GM0363";"2021JJ00";"564"
"7641646";"T001038";"70700";"NAT9417";"GM0363";"2021JJ00";"1062"
"7663598";"T001038";"70700";"NAT9418";"GM0363";"2021JJ00";"809"
"7685550";"T001038";"70700";"NAT9440";"GM0363";"2021JJ00";"1193"
"7707502";"T001038";"70700";"NAT9442";"GM0363";"2021JJ00";"180"
"7729454";"T001038";"70700";"NAT9444";"GM0363";"2021JJ00";"472"
"7751406";"T001038";"70700";"NAT9448";"GM0363";"2021JJ00";"43"
"7773358";"T001038";"70700";"NAT9458";"GM0363";"2021JJ00";"1466"
"7795310";"T001038";"70700";"NAT9475";"GM0363";"2021JJ00";"1239"
"7817262";"T001038";"70700";"NAT9476";"GM0363";"2021JJ00";"1068"
"7839214";"T001038";"70700";"NAT9477";"GM0363";"2021JJ00";"1432"
"7861166";"T001038";"70700";"NAT9478";"GM0363";"2021JJ00";"2657"
"7883118";"T001038";"70700";"NAT9480";"GM0363";"2021JJ00";"195"
"7905070";"T001038";"70800";"T001059";"GM0363";"2021JJ00";"69964"
"7927022";"T001038";"70800";"NAT9489";"GM0363";"2021JJ00";"21331"
"7948974";"T001038";"70800";"NAT9267";"GM0363";"2021JJ00";"48633"
"7970926";"T001038";"70800";"NAT9269";"GM0363";"2021JJ00";"1882"
"7992878";"T001038";"70800";"NAT9270";"GM0363";"2021JJ00";"2479"
"8014830";"T001038";"70800";"NAT9271";"GM0363";"2021JJ00";"2856"
"8036782";"T001038";"70800";"NAT9272";"GM0363";"2021JJ00";"13573"
"8058734";"T001038";"70800";"NAT9274";"GM0363";"2021JJ00";"275"
"8080686";"T001038";"70800";"NAT9275";"GM0363";"2021JJ00";"9424"
"8102638";"T001038";"70800";"NAT9277";"GM0363";"2021JJ00";"2710"
"8124590";"T001038";"70800";"NAT9481";"GM0363";"2021JJ00";"3767"
"8146542";"T001038";"70800";"NAT9482";"GM0363";"2021JJ00";"13997"
"8168494";"T001038";"70800";"NAT9483";"GM0363";"2021JJ00";"7068"
"8190446";"T001038";"70800";"NAT9281";"GM0363";"2021JJ00";"1046"
"8212398";"T001038";"70800";"NAT9292";"GM0363";"2021JJ00";"287"
"8234350";"T001038";"70800";"NAT9300";"GM0363";"2021JJ00";"515"
"8256302";"T001038";"70800";"NAT9301";"GM0363";"2021JJ00";"1622"
"8278254";"T001038";"70800";"NAT9303";"GM0363";"2021JJ00";"579"
"8300206";"T001038";"70800";"NAT9322";"GM0363";"2021JJ00";"1032"
"8322158";"T001038";"70800";"NAT9310";"GM0363";"2021JJ00";"353"
"8344110";"T001038";"70800";"NAT9326";"GM0363";"2021JJ00";"117"
"8366062";"T001038";"70800";"NAT9332";"GM0363";"2021JJ00";"940"
"8388014";"T001038";"70800";"NAT9338";"GM0363";"2021JJ00";"514"
"8409966";"T001038";"70800";"NAT9345";"GM0363";"2021JJ00";"246"
"8431918";"T001038";"70800";"NAT9346";"GM0363";"2021JJ00";"219"
"8453870";"T001038";"70800";"NAT9348";"GM0363";"2021JJ00";"750"
"8475822";"T001038";"70800";"NAT9349";"GM0363";"2021JJ00";"158"
"8497774";"T001038";"70800";"NAT9350";"GM0363";"2021JJ00";"39"
"8519726";"T001038";"70800";"NAT9353";"GM0363";"2021JJ00";"1673"
"8541678";"T001038";"70800";"NAT9356";"GM0363";"2021JJ00";"220"
"8563630";"T001038";"70800";"NAT9387";"GM0363";"2021JJ00";"825"
"8585582";"T001038";"70800";"NAT9415";"GM0363";"2021JJ00";"790"
"8607534";"T001038";"70800";"NAT9416";"GM0363";"2021JJ00";"531"
"8629486";"T001038";"70800";"NAT9417";"GM0363";"2021JJ00";"578"
"8651438";"T001038";"70800";"NAT9418";"GM0363";"2021JJ00";"474"
"8673390";"T001038";"70800";"NAT9440";"GM0363";"2021JJ00";"1049"
"8695342";"T001038";"70800";"NAT9442";"GM0363";"2021JJ00";"223"
"8717294";"T001038";"70800";"NAT9444";"GM0363";"2021JJ00";"283"
"8739246";"T001038";"70800";"NAT9448";"GM0363";"2021JJ00";"58"
"8761198";"T001038";"70800";"NAT9458";"GM0363";"2021JJ00";"1448"
"8783150";"T001038";"70800";"NAT9475";"GM0363";"2021JJ00";"940"
"8805102";"T001038";"70800";"NAT9476";"GM0363";"2021JJ00";"695"
"8827054";"T001038";"70800";"NAT9477";"GM0363";"2021JJ00";"995"
"8849006";"T001038";"70800";"NAT9478";"GM0363";"2021JJ00";"1591"
"8870958";"T001038";"70800";"NAT9480";"GM0363";"2021JJ00";"266"
"8892910";"T001038";"70900";"T001059";"GM0363";"2021JJ00";"57265"
"8914862";"T001038";"70900";"NAT9489";"GM0363";"2021JJ00";"14452"
"8936814";"T001038";"70900";"NAT9267";"GM0363";"2021JJ00";"42813"
"8958766";"T001038";"70900";"NAT9269";"GM0363";"2021JJ00";"1586"
"8980718";"T001038";"70900";"NAT9270";"GM0363";"2021JJ00";"1611"
"9002670";"T001038";"70900";"NAT9271";"GM0363";"2021JJ00";"1576"
"9024622";"T001038";"70900";"NAT9272";"GM0363";"2021JJ00";"9320"
"9046574";"T001038";"70900";"NAT9274";"GM0363";"2021JJ00";"178"
"9068526";"T001038";"70900";"NAT9275";"GM0363";"2021JJ00";"6550"
"9090478";"T001038";"70900";"NAT9277";"GM0363";"2021JJ00";"1880"
"9112430";"T001038";"70900";"NAT9481";"GM0363";"2021JJ00";"2402"
"9134382";"T001038";"70900";"NAT9482";"GM0363";"2021JJ00";"9646"
"9156334";"T001038";"70900";"NAT9483";"GM0363";"2021JJ00";"4625"
"9178286";"T001038";"70900";"NAT9281";"GM0363";"2021JJ00";"783"
"9200238";"T001038";"70900";"NAT9292";"GM0363";"2021JJ00";"248"
"9222190";"T001038";"70900";"NAT9300";"GM0363";"2021JJ00";"229"
"9244142";"T001038";"70900";"NAT9301";"GM0363";"2021JJ00";"1222"
"9266094";"T001038";"70900";"NAT9303";"GM0363";"2021JJ00";"498"
"9288046";"T001038";"70900";"NAT9322";"GM0363";"2021JJ00";"805"
"9309998";"T001038";"70900";"NAT9310";"GM0363";"2021JJ00";"208"
"9331950";"T001038";"70900";"NAT9326";"GM0363";"2021JJ00";"55"
"9353902";"T001038";"70900";"NAT9332";"GM0363";"2021JJ00";"654"
"9375854";"T001038";"70900";"NAT9338";"GM0363";"2021JJ00";"220"
"9397806";"T001038";"70900";"NAT9345";"GM0363";"2021JJ00";"177"
"9419758";"T001038";"70900";"NAT9346";"GM0363";"2021JJ00";"184"
"9441710";"T001038";"70900";"NAT9348";"GM0363";"2021JJ00";"272"
"9463662";"T001038";"70900";"NAT9349";"GM0363";"2021JJ00";"142"
"9485614";"T001038";"70900";"NAT9350";"GM0363";"2021JJ00";"17"
"9507566";"T001038";"70900";"NAT9353";"GM0363";"2021JJ00";"1050"
"9529518";"T001038";"70900";"NAT9356";"GM0363";"2021JJ00";"171"
"9551470";"T001038";"70900";"NAT9387";"GM0363";"2021JJ00";"771"
"9573422";"T001038";"70900";"NAT9415";"GM0363";"2021JJ00";"523"
"9595374";"T001038";"70900";"NAT9416";"GM0363";"2021JJ00";"375"
"9617326";"T001038";"70900";"NAT9417";"GM0363";"2021JJ00";"328"
"9639278";"T001038";"70900";"NAT9418";"GM0363";"2021JJ00";"170"
"9661230";"T001038";"70900";"NAT9440";"GM0363";"2021JJ00";"757"
"9683182";"T001038";"70900";"NAT9442";"GM0363";"2021JJ00";"209"
"9705134";"T001038";"70900";"NAT9444";"GM0363";"2021JJ00";"174"
"9727086";"T001038";"70900";"NAT9448";"GM0363";"2021JJ00";"58"
"9749038";"T001038";"70900";"NAT9458";"GM0363";"2021JJ00";"1068"
"9770990";"T001038";"70900";"NAT9475";"GM0363";"2021JJ00";"760"
"9792942";"T001038";"70900";"NAT9476";"GM0363";"2021JJ00";"390"
"9814894";"T001038";"70900";"NAT9477";"GM0363";"2021JJ00";"534"
"9836846";"T001038";"70900";"NAT9478";"GM0363";"2021JJ00";"1041"
"9858798";"T001038";"70900";"NAT9480";"GM0363";"2021JJ00";"181"
"9880750";"T001038";"71000";"T001059";"GM0363";"2021JJ00";"54731"
"9902702";"T001038";"71000";"NAT9489";"GM0363";"2021JJ00";"10361"
"9924654";"T001038";"71000";"NAT9267";"GM0363";"2021JJ00";"44370"
"9946606";"T001038";"71000";"NAT9269";"GM0363";"2021JJ00";"1370"
"9968558";"T001038";"71000";"NAT9270";"GM0363";"2021JJ00";"1014"
"9990510";"T001038";"71000";"NAT9271";"GM0363";"2021JJ00";"1059"
"10012462";"T001038";"71000";"NAT9272";"GM0363";"2021JJ00";"6677"
"10034414";"T001038";"71000";"NAT9274";"GM0363";"2021JJ00";"124"
"10056366";"T001038";"71000";"NAT9275";"GM0363";"2021JJ00";"4444"
"10078318";"T001038";"71000";"NAT9277";"GM0363";"2021JJ00";"1075"
"10100270";"T001038";"71000";"NAT9481";"GM0363";"2021JJ00";"1721"
"10122222";"T001038";"71000";"NAT9482";"GM0363";"2021JJ00";"6881"
"10144174";"T001038";"71000";"NAT9483";"GM0363";"2021JJ00";"3363"
"10166126";"T001038";"71000";"NAT9281";"GM0363";"2021JJ00";"562"
"10188078";"T001038";"71000";"NAT9292";"GM0363";"2021JJ00";"196"
"10210030";"T001038";"71000";"NAT9300";"GM0363";"2021JJ00";"132"
"10231982";"T001038";"71000";"NAT9301";"GM0363";"2021JJ00";"1046"
"10253934";"T001038";"71000";"NAT9303";"GM0363";"2021JJ00";"437"
"10275886";"T001038";"71000";"NAT9322";"GM0363";"2021JJ00";"575"
"10297838";"T001038";"71000";"NAT9310";"GM0363";"2021JJ00";"162"
"10319790";"T001038";"71000";"NAT9326";"GM0363";"2021JJ00";"51"
"10341742";"T001038";"71000";"NAT9332";"GM0363";"2021JJ00";"448"
"10363694";"T001038";"71000";"NAT9338";"GM0363";"2021JJ00";"111"
"10385646";"T001038";"71000";"NAT9345";"GM0363";"2021JJ00";"91"
"10407598";"T001038";"71000";"NAT9346";"GM0363";"2021JJ00";"144"
"10429550";"T001038";"71000";"NAT9348";"GM0363";"2021JJ00";"86"
"10451502";"T001038";"71000";"NAT9349";"GM0363";"2021JJ00";"144"
"10473454";"T001038";"71000";"NAT9350";"GM0363";"2021JJ00";"26"
"10495406";"T001038";"71000";"NAT9353";"GM0363";"2021JJ00";"726"
"10517358";"T001038";"71000";"NAT9356";"GM0363";"2021JJ00";"169"
"10539310";"T001038";"71000";"NAT9387";"GM0363";"2021JJ00";"713"
"10561262";"T001038";"71000";"NAT9415";"GM0363";"2021JJ00";"259"
"10583214";"T001038";"71000";"NAT9416";"GM0363";"2021JJ00";"289"
"10605166";"T001038";"71000";"NAT9417";"GM0363";"2021JJ00";"119"
"10627118";"T001038";"71000";"NAT9418";"GM0363";"2021JJ00";"95"
"10649070";"T001038";"71000";"NAT9440";"GM0363";"2021JJ00";"595"
"10671022";"T001038";"71000";"NAT9442";"GM0363";"2021JJ00";"63"
"10692974";"T001038";"71000";"NAT9444";"GM0363";"2021JJ00";"103"
"10714926";"T001038";"71000";"NAT9448";"GM0363";"2021JJ00";"45"
"10736878";"T001038";"71000";"NAT9458";"GM0363";"2021JJ00";"889"
"10758830";"T001038";"71000";"NAT9475";"GM0363";"2021JJ00";"606"
"10780782";"T001038";"71000";"NAT9476";"GM0363";"2021JJ00";"257"
"10802734";"T001038";"71000";"NAT9477";"GM0363";"2021JJ00";"324"
"10824686";"T001038";"71000";"NAT9478";"GM0363";"2021JJ00";"657"
"10846638";"T001038";"71000";"NAT9480";"GM0363";"2021JJ00";"117"
"10868590";"T001038";"71100";"T001059";"GM0363";"2021JJ00";"55595"
"10890542";"T001038";"71100";"NAT9489";"GM0363";"2021JJ00";"7673"
"10912494";"T001038";"71100";"NAT9267";"GM0363";"2021JJ00";"47922"
"10934446";"T001038";"71100";"NAT9269";"GM0363";"2021JJ00";"1063"
"10956398";"T001038";"71100";"NAT9270";"GM0363";"2021JJ00";"758"
"10978350";"T001038";"71100";"NAT9271";"GM0363";"2021JJ00";"723"
"11000302";"T001038";"71100";"NAT9272";"GM0363";"2021JJ00";"4958"
"11022254";"T001038";"71100";"NAT9274";"GM0363";"2021JJ00";"69"
"11044206";"T001038";"71100";"NAT9275";"GM0363";"2021JJ00";"3195"
"11066158";"T001038";"71100";"NAT9277";"GM0363";"2021JJ00";"614"
"11088110";"T001038";"71100";"NAT9481";"GM0363";"2021JJ00";"1187"
"11110062";"T001038";"71100";"NAT9482";"GM0363";"2021JJ00";"5088"
"11132014";"T001038";"71100";"NAT9483";"GM0363";"2021JJ00";"2483"
"11153966";"T001038";"71100";"NAT9281";"GM0363";"2021JJ00";"488"
"11175918";"T001038";"71100";"NAT9292";"GM0363";"2021JJ00";"151"
"11197870";"T001038";"71100";"NAT9300";"GM0363";"2021JJ00";"66"
"11219822";"T001038";"71100";"NAT9301";"GM0363";"2021JJ00";"855"
"11241774";"T001038";"71100";"NAT9303";"GM0363";"2021JJ00";"285"
"11263726";"T001038";"71100";"NAT9322";"GM0363";"2021JJ00";"605"
"11285678";"T001038";"71100";"NAT9310";"GM0363";"2021JJ00";"111"
"11307630";"T001038";"71100";"NAT9326";"GM0363";"2021JJ00";"11"
"11329582";"T001038";"71100";"NAT9332";"GM0363";"2021JJ00";"303"
"11351534";"T001038";"71100";"NAT9338";"GM0363";"2021JJ00";"86"
"11373486";"T001038";"71100";"NAT9345";"GM0363";"2021JJ00";"45"
"11395438";"T001038";"71100";"NAT9346";"GM0363";"2021JJ00";"135"
"11417390";"T001038";"71100";"NAT9348";"GM0363";"2021JJ00";"48"
"11439342";"T001038";"71100";"NAT9349";"GM0363";"2021JJ00";"110"
"11461294";"T001038";"71100";"NAT9350";"GM0363";"2021JJ00";"11"
"11483246";"T001038";"71100";"NAT9353";"GM0363";"2021JJ00";"473"
"11505198";"T001038";"71100";"NAT9356";"GM0363";"2021JJ00";"128"
"11527150";"T001038";"71100";"NAT9387";"GM0363";"2021JJ00";"583"
"11549102";"T001038";"71100";"NAT9415";"GM0363";"2021JJ00";"106"
"11571054";"T001038";"71100";"NAT9416";"GM0363";"2021JJ00";"221"
"11593006";"T001038";"71100";"NAT9417";"GM0363";"2021JJ00";"82"
"11614958";"T001038";"71100";"NAT9418";"GM0363";"2021JJ00";"61"
"11636910";"T001038";"71100";"NAT9440";"GM0363";"2021JJ00";"407"
"11658862";"T001038";"71100";"NAT9442";"GM0363";"2021JJ00";"45"
"11680814";"T001038";"71100";"NAT9444";"GM0363";"2021JJ00";"89"
"11702766";"T001038";"71100";"NAT9448";"GM0363";"2021JJ00";"19"
"11724718";"T001038";"71100";"NAT9458";"GM0363";"2021JJ00";"714"
"11746670";"T001038";"71100";"NAT9475";"GM0363";"2021JJ00";"469"
"11768622";"T001038";"71100";"NAT9476";"GM0363";"2021JJ00";"159"
"11790574";"T001038";"71100";"NAT9477";"GM0363";"2021JJ00";"207"
"11812526";"T001038";"71100";"NAT9478";"GM0363";"2021JJ00";"429"
"11834478";"T001038";"71100";"NAT9480";"GM0363";"2021JJ00";"102"
"11856430";"T001038";"71200";"T001059";"GM0363";"2021JJ00";"53356"
"11878382";"T001038";"71200";"NAT9489";"GM0363";"2021JJ00";"5384"
"11900334";"T001038";"71200";"NAT9267";"GM0363";"2021JJ00";"47972"
"11922286";"T001038";"71200";"NAT9269";"GM0363";"2021JJ00";"865"
"11944238";"T001038";"71200";"NAT9270";"GM0363";"2021JJ00";"540"
"11966190";"T001038";"71200";"NAT9271";"GM0363";"2021JJ00";"543"
"11988142";"T001038";"71200";"NAT9272";"GM0363";"2021JJ00";"3331"
"12010094";"T001038";"71200";"NAT9274";"GM0363";"2021JJ00";"50"
"12032046";"T001038";"71200";"NAT9275";"GM0363";"2021JJ00";"2071"
"12053998";"T001038";"71200";"NAT9277";"GM0363";"2021JJ00";"308"
"12075950";"T001038";"71200";"NAT9481";"GM0363";"2021JJ00";"784"
"12097902";"T001038";"71200";"NAT9482";"GM0363";"2021JJ00";"3383"
"12119854";"T001038";"71200";"NAT9483";"GM0363";"2021JJ00";"1946"
"12141806";"T001038";"71200";"NAT9281";"GM0363";"2021JJ00";"340"
"12163758";"T001038";"71200";"NAT9292";"GM0363";"2021JJ00";"113"
"12185710";"T001038";"71200";"NAT9300";"GM0363";"2021JJ00";"48"
"12207662";"T001038";"71200";"NAT9301";"GM0363";"2021JJ00";"585"
"12229614";"T001038";"71200";"NAT9303";"GM0363";"2021JJ00";"164"
"12251566";"T001038";"71200";"NAT9322";"GM0363";"2021JJ00";"431"
"12273518";"T001038";"71200";"NAT9310";"GM0363";"2021JJ00";"113"
"12295470";"T001038";"71200";"NAT9326";"GM0363";"2021JJ00";"10"
"12317422";"T001038";"71200";"NAT9332";"GM0363";"2021JJ00";"199"
"12339374";"T001038";"71200";"NAT9338";"GM0363";"2021JJ00";"45"
"12361326";"T001038";"71200";"NAT9345";"GM0363";"2021JJ00";"13"
"12383278";"T001038";"71200";"NAT9346";"GM0363";"2021JJ00";"86"
"12405230";"T001038";"71200";"NAT9348";"GM0363";"2021JJ00";"24"
"12427182";"T001038";"71200";"NAT9349";"GM0363";"2021JJ00";"98"
"12449134";"T001038";"71200";"NAT9350";"GM0363";"2021JJ00";"5"
"12471086";"T001038";"71200";"NAT9353";"GM0363";"2021JJ00";"298"
"12493038";"T001038";"71200";"NAT9356";"GM0363";"2021JJ00";"84"
"12514990";"T001038";"71200";"NAT9387";"GM0363";"2021JJ00";"501"
"12536942";"T001038";"71200";"NAT9415";"GM0363";"2021JJ00";"48"
"12558894";"T001038";"71200";"NAT9416";"GM0363";"2021JJ00";"206"
"12580846";"T001038";"71200";"NAT9417";"GM0363";"2021JJ00";"35"
"12602798";"T001038";"71200";"NAT9418";"GM0363";"2021JJ00";"27"
"12624750";"T001038";"71200";"NAT9440";"GM0363";"2021JJ00";"235"
"12646702";"T001038";"71200";"NAT9442";"GM0363";"2021JJ00";"44"
"12668654";"T001038";"71200";"NAT9444";"GM0363";"2021JJ00";"60"
"12690606";"T001038";"71200";"NAT9448";"GM0363";"2021JJ00";"16"
"12712558";"T001038";"71200";"NAT9458";"GM0363";"2021JJ00";"564"
"12734510";"T001038";"71200";"NAT9475";"GM0363";"2021JJ00";"354"
"12756462";"T001038";"71200";"NAT9476";"GM0363";"2021JJ00";"108"
"12778414";"T001038";"71200";"NAT9477";"GM0363";"2021JJ00";"143"
"12800366";"T001038";"71200";"NAT9478";"GM0363";"2021JJ00";"282"
"12822318";"T001038";"71200";"NAT9480";"GM0363";"2021JJ00";"55"
"12844270";"T001038";"71300";"T001059";"GM0363";"2021JJ00";"46347"
"12866222";"T001038";"71300";"NAT9489";"GM0363";"2021JJ00";"3738"
"12888174";"T001038";"71300";"NAT9267";"GM0363";"2021JJ00";"42609"
"12910126";"T001038";"71300";"NAT9269";"GM0363";"2021JJ00";"721"
"12932078";"T001038";"71300";"NAT9270";"GM0363";"2021JJ00";"344"
"12954030";"T001038";"71300";"NAT9271";"GM0363";"2021JJ00";"394"
"12975982";"T001038";"71300";"NAT9272";"GM0363";"2021JJ00";"2185"
"12997934";"T001038";"71300";"NAT9274";"GM0363";"2021JJ00";"30"
"13019886";"T001038";"71300";"NAT9275";"GM0363";"2021JJ00";"1321"
"13041838";"T001038";"71300";"NAT9277";"GM0363";"2021JJ00";"207"
"13063790";"T001038";"71300";"NAT9481";"GM0363";"2021JJ00";"469"
"13085742";"T001038";"71300";"NAT9482";"GM0363";"2021JJ00";"2181"
"13107694";"T001038";"71300";"NAT9483";"GM0363";"2021JJ00";"1493"
"13129646";"T001038";"71300";"NAT9281";"GM0363";"2021JJ00";"215"
"13151598";"T001038";"71300";"NAT9292";"GM0363";"2021JJ00";"92"
"13173550";"T001038";"71300";"NAT9300";"GM0363";"2021JJ00";"23"
"13195502";"T001038";"71300";"NAT9301";"GM0363";"2021JJ00";"400"
"13217454";"T001038";"71300";"NAT9303";"GM0363";"2021JJ00";"98"
"13239406";"T001038";"71300";"NAT9322";"GM0363";"2021JJ00";"257"
"13261358";"T001038";"71300";"NAT9310";"GM0363";"2021JJ00";"80"
"13283310";"T001038";"71300";"NAT9326";"GM0363";"2021JJ00";"8"
"13305262";"T001038";"71300";"NAT9332";"GM0363";"2021JJ00";"148"
"13327214";"T001038";"71300";"NAT9338";"GM0363";"2021JJ00";"26"
"13349166";"T001038";"71300";"NAT9345";"GM0363";"2021JJ00";"15"
"13371118";"T001038";"71300";"NAT9346";"GM0363";"2021JJ00";"73"
"13393070";"T001038";"71300";"NAT9348";"GM0363";"2021JJ00";"21"
"13415022";"T001038";"71300";"NAT9349";"GM0363";"2021JJ00";"71"
"13436974";"T001038";"71300";"NAT9350";"GM0363";"2021JJ00";"12"
"13458926";"T001038";"71300";"NAT9353";"GM0363";"2021JJ00";"154"
"13480878";"T001038";"71300";"NAT9356";"GM0363";"2021JJ00";"59"
"13502830";"T001038";"71300";"NAT9387";"GM0363";"2021JJ00";"502"
"13524782";"T001038";"71300";"NAT9415";"GM0363";"2021JJ00";"41"
"13546734";"T001038";"71300";"NAT9416";"GM0363";"2021JJ00";"141"
"13568686";"T001038";"71300";"NAT9417";"GM0363";"2021JJ00";"22"
"13590638";"T001038";"71300";"NAT9418";"GM0363";"2021JJ00";"15"
"13612590";"T001038";"71300";"NAT9440";"GM0363";"2021JJ00";"148"
"13634542";"T001038";"71300";"NAT9442";"GM0363";"2021JJ00";"30"
"13656494";"T001038";"71300";"NAT9444";"GM0363";"2021JJ00";"34"
"13678446";"T001038";"71300";"NAT9448";"GM0363";"2021JJ00";"9"
"13700398";"T001038";"71300";"NAT9458";"GM0363";"2021JJ00";"400"
"13722350";"T001038";"71300";"NAT9475";"GM0363";"2021JJ00";"211"
"13744302";"T001038";"71300";"NAT9476";"GM0363";"2021JJ00";"76"
"13766254";"T001038";"71300";"NAT9477";"GM0363";"2021JJ00";"108"
"13788206";"T001038";"71300";"NAT9478";"GM0363";"2021JJ00";"155"
"13810158";"T001038";"71300";"NAT9480";"GM0363";"2021JJ00";"64"
"13832110";"T001038";"71400";"T001059";"GM0363";"2021JJ00";"37231"
"13854062";"T001038";"71400";"NAT9489";"GM0363";"2021JJ00";"2292"
"13876014";"T001038";"71400";"NAT9267";"GM0363";"2021JJ00";"34939"
"13897966";"T001038";"71400";"NAT9269";"GM0363";"2021JJ00";"386"
"13919918";"T001038";"71400";"NAT9270";"GM0363";"2021JJ00";"216"
"13941870";"T001038";"71400";"NAT9271";"GM0363";"2021JJ00";"247"
"13963822";"T001038";"71400";"NAT9272";"GM0363";"2021JJ00";"1375"
"13985774";"T001038";"71400";"NAT9274";"GM0363";"2021JJ00";"16"
"14007726";"T001038";"71400";"NAT9275";"GM0363";"2021JJ00";"828"
"14029678";"T001038";"71400";"NAT9277";"GM0363";"2021JJ00";"88"
"14051630";"T001038";"71400";"NAT9481";"GM0363";"2021JJ00";"309"
"14073582";"T001038";"71400";"NAT9482";"GM0363";"2021JJ00";"1421"
"14095534";"T001038";"71400";"NAT9483";"GM0363";"2021JJ00";"819"
"14117486";"T001038";"71400";"NAT9281";"GM0363";"2021JJ00";"145"
"14139438";"T001038";"71400";"NAT9292";"GM0363";"2021JJ00";"65"
"14161390";"T001038";"71400";"NAT9300";"GM0363";"2021JJ00";"8"
"14183342";"T001038";"71400";"NAT9301";"GM0363";"2021JJ00";"257"
"14205294";"T001038";"71400";"NAT9303";"GM0363";"2021JJ00";"25"
"14227246";"T001038";"71400";"NAT9322";"GM0363";"2021JJ00";"185"
"14249198";"T001038";"71400";"NAT9310";"GM0363";"2021JJ00";"28"
"14271150";"T001038";"71400";"NAT9326";"GM0363";"2021JJ00";"8"
"14293102";"T001038";"71400";"NAT9332";"GM0363";"2021JJ00";"76"
"14315054";"T001038";"71400";"NAT9338";"GM0363";"2021JJ00";"13"
"14337006";"T001038";"71400";"NAT9345";"GM0363";"2021JJ00";"10"
"14358958";"T001038";"71400";"NAT9346";"GM0363";"2021JJ00";"39"
"14380910";"T001038";"71400";"NAT9348";"GM0363";"2021JJ00";"10"
"14402862";"T001038";"71400";"NAT9349";"GM0363";"2021JJ00";"82"
"14424814";"T001038";"71400";"NAT9350";"GM0363";"2021JJ00";"3"
"14446766";"T001038";"71400";"NAT9353";"GM0363";"2021JJ00";"108"
"14468718";"T001038";"71400";"NAT9356";"GM0363";"2021JJ00";"29"
"14490670";"T001038";"71400";"NAT9387";"GM0363";"2021JJ00";"300"
"14512622";"T001038";"71400";"NAT9415";"GM0363";"2021JJ00";"22"
"14534574";"T001038";"71400";"NAT9416";"GM0363";"2021JJ00";"122"
"14556526";"T001038";"71400";"NAT9417";"GM0363";"2021JJ00";"9"
"14578478";"T001038";"71400";"NAT9418";"GM0363";"2021JJ00";"1"
"14600430";"T001038";"71400";"NAT9440";"GM0363";"2021JJ00";"66"
"14622382";"T001038";"71400";"NAT9442";"GM0363";"2021JJ00";"16"
"14644334";"T001038";"71400";"NAT9444";"GM0363";"2021JJ00";"22"
"14666286";"T001038";"71400";"NAT9448";"GM0363";"2021JJ00";"7"
"14688238";"T001038";"71400";"NAT9458";"GM0363";"2021JJ00";"241"
"14710190";"T001038";"71400";"NAT9475";"GM0363";"2021JJ00";"78"
"14732142";"T001038";"71400";"NAT9476";"GM0363";"2021JJ00";"47"
"14754094";"T001038";"71400";"NAT9477";"GM0363";"2021JJ00";"66"
"14776046";"T001038";"71400";"NAT9478";"GM0363";"2021JJ00";"136"
"14797998";"T001038";"71400";"NAT9480";"GM0363";"2021JJ00";"52"
"14819950";"T001038";"71500";"T001059";"GM0363";"2021JJ00";"32597"
"14841902";"T001038";"71500";"NAT9489";"GM0363";"2021JJ00";"1737"
"14863854";"T001038";"71500";"NAT9267";"GM0363";"2021JJ00";"30860"
"14885806";"T001038";"71500";"NAT9269";"GM0363";"2021JJ00";"391"
"14907758";"T001038";"71500";"NAT9270";"GM0363";"2021JJ00";"155"
"14929710";"T001038";"71500";"NAT9271";"GM0363";"2021JJ00";"166"
"14951662";"T001038";"71500";"NAT9272";"GM0363";"2021JJ00";"978"
"14973614";"T001038";"71500";"NAT9274";"GM0363";"2021JJ00";"9"
"14995566";"T001038";"71500";"NAT9275";"GM0363";"2021JJ00";"603"
"15017518";"T001038";"71500";"NAT9277";"GM0363";"2021JJ00";"59"
"15039470";"T001038";"71500";"NAT9481";"GM0363";"2021JJ00";"273"
"15061422";"T001038";"71500";"NAT9482";"GM0363";"2021JJ00";"1022"
"15083374";"T001038";"71500";"NAT9483";"GM0363";"2021JJ00";"677"
"15105326";"T001038";"71500";"NAT9281";"GM0363";"2021JJ00";"103"
"15127278";"T001038";"71500";"NAT9292";"GM0363";"2021JJ00";"44"
"15149230";"T001038";"71500";"NAT9300";"GM0363";"2021JJ00";"3"
"15171182";"T001038";"71500";"NAT9301";"GM0363";"2021JJ00";"150"
"15193134";"T001038";"71500";"NAT9303";"GM0363";"2021JJ00";"16"
"15215086";"T001038";"71500";"NAT9322";"GM0363";"2021JJ00";"112"
"15237038";"T001038";"71500";"NAT9310";"GM0363";"2021JJ00";"11"
"15258990";"T001038";"71500";"NAT9326";"GM0363";"2021JJ00";"4"
"15280942";"T001038";"71500";"NAT9332";"GM0363";"2021JJ00";"63"
"15302894";"T001038";"71500";"NAT9338";"GM0363";"2021JJ00";"5"
"15324846";"T001038";"71500";"NAT9345";"GM0363";"2021JJ00";"2"
"15346798";"T001038";"71500";"NAT9346";"GM0363";"2021JJ00";"14"
"15368750";"T001038";"71500";"NAT9348";"GM0363";"2021JJ00";"8"
"15390702";"T001038";"71500";"NAT9349";"GM0363";"2021JJ00";"54"
"15412654";"T001038";"71500";"NAT9350";"GM0363";"2021JJ00";"0"
"15434606";"T001038";"71500";"NAT9353";"GM0363";"2021JJ00";"94"
"15456558";"T001038";"71500";"NAT9356";"GM0363";"2021JJ00";"38"
"15478510";"T001038";"71500";"NAT9387";"GM0363";"2021JJ00";"350"
"15500462";"T001038";"71500";"NAT9415";"GM0363";"2021JJ00";"11"
"15522414";"T001038";"71500";"NAT9416";"GM0363";"2021JJ00";"96"
"15544366";"T001038";"71500";"NAT9417";"GM0363";"2021JJ00";"6"
"15566318";"T001038";"71500";"NAT9418";"GM0363";"2021JJ00";"9"
"15588270";"T001038";"71500";"NAT9440";"GM0363";"2021JJ00";"78"
"15610222";"T001038";"71500";"NAT9442";"GM0363";"2021JJ00";"8"
"15632174";"T001038";"71500";"NAT9444";"GM0363";"2021JJ00";"9"
"15654126";"T001038";"71500";"NAT9448";"GM0363";"2021JJ00";"2"
"15676078";"T001038";"71500";"NAT9458";"GM0363";"2021JJ00";"175"
"15698030";"T001038";"71500";"NAT9475";"GM0363";"2021JJ00";"37"
"15719982";"T001038";"71500";"NAT9476";"GM0363";"2021JJ00";"41"
"15741934";"T001038";"71500";"NAT9477";"GM0363";"2021JJ00";"44"
"15763886";"T001038";"71500";"NAT9478";"GM0363";"2021JJ00";"103"
"15785838";"T001038";"71500";"NAT9480";"GM0363";"2021JJ00";"38"
"15807790";"T001038";"71600";"T001059";"GM0363";"2021JJ00";"19501"
"15829742";"T001038";"71600";"NAT9489";"GM0363";"2021JJ00";"1125"
"15851694";"T001038";"71600";"NAT9267";"GM0363";"2021JJ00";"18376"
"15873646";"T001038";"71600";"NAT9269";"GM0363";"2021JJ00";"322"
"15895598";"T001038";"71600";"NAT9270";"GM0363";"2021JJ00";"76"
"15917550";"T001038";"71600";"NAT9271";"GM0363";"2021JJ00";"66"
"15939502";"T001038";"71600";"NAT9272";"GM0363";"2021JJ00";"646"
"15961454";"T001038";"71600";"NAT9274";"GM0363";"2021JJ00";"6"
"15983406";"T001038";"71600";"NAT9275";"GM0363";"2021JJ00";"411"
"16005358";"T001038";"71600";"NAT9277";"GM0363";"2021JJ00";"20"
"16027310";"T001038";"71600";"NAT9481";"GM0363";"2021JJ00";"232"
"16049262";"T001038";"71600";"NAT9482";"GM0363";"2021JJ00";"603"
"16071214";"T001038";"71600";"NAT9483";"GM0363";"2021JJ00";"513"
"16093166";"T001038";"71600";"NAT9281";"GM0363";"2021JJ00";"55"
"16115118";"T001038";"71600";"NAT9292";"GM0363";"2021JJ00";"26"
"16137070";"T001038";"71600";"NAT9300";"GM0363";"2021JJ00";"6"
"16159022";"T001038";"71600";"NAT9301";"GM0363";"2021JJ00";"69"
"16180974";"T001038";"71600";"NAT9303";"GM0363";"2021JJ00";"3"
"16202926";"T001038";"71600";"NAT9322";"GM0363";"2021JJ00";"71"
"16224878";"T001038";"71600";"NAT9310";"GM0363";"2021JJ00";"7"
"16246830";"T001038";"71600";"NAT9326";"GM0363";"2021JJ00";"4"
"16268782";"T001038";"71600";"NAT9332";"GM0363";"2021JJ00";"22"
"16290734";"T001038";"71600";"NAT9338";"GM0363";"2021JJ00";"2"
"16312686";"T001038";"71600";"NAT9345";"GM0363";"2021JJ00";"0"
"16334638";"T001038";"71600";"NAT9346";"GM0363";"2021JJ00";"10"
"16356590";"T001038";"71600";"NAT9348";"GM0363";"2021JJ00";"6"
"16378542";"T001038";"71600";"NAT9349";"GM0363";"2021JJ00";"17"
"16400494";"T001038";"71600";"NAT9350";"GM0363";"2021JJ00";"1"
"16422446";"T001038";"71600";"NAT9353";"GM0363";"2021JJ00";"85"
"16444398";"T001038";"71600";"NAT9356";"GM0363";"2021JJ00";"14"
"16466350";"T001038";"71600";"NAT9387";"GM0363";"2021JJ00";"311"
"16488302";"T001038";"71600";"NAT9415";"GM0363";"2021JJ00";"3"
"16510254";"T001038";"71600";"NAT9416";"GM0363";"2021JJ00";"97"
"16532206";"T001038";"71600";"NAT9417";"GM0363";"2021JJ00";"1"
"16554158";"T001038";"71600";"NAT9418";"GM0363";"2021JJ00";"6"
"16576110";"T001038";"71600";"NAT9440";"GM0363";"2021JJ00";"48"
"16598062";"T001038";"71600";"NAT9442";"GM0363";"2021JJ00";"1"
"16620014";"T001038";"71600";"NAT9444";"GM0363";"2021JJ00";"3"
"16641966";"T001038";"71600";"NAT9448";"GM0363";"2021JJ00";"1"
"16663918";"T001038";"71600";"NAT9458";"GM0363";"2021JJ00";"141"
"16685870";"T001038";"71600";"NAT9475";"GM0363";"2021JJ00";"7"
"16707822";"T001038";"71600";"NAT9476";"GM0363";"2021JJ00";"14"
"16729774";"T001038";"71600";"NAT9477";"GM0363";"2021JJ00";"17"
"16751726";"T001038";"71600";"NAT9478";"GM0363";"2021JJ00";"62"
"16773678";"T001038";"71600";"NAT9480";"GM0363";"2021JJ00";"9"
"16795630";"T001038";"71700";"T001059";"GM0363";"2021JJ00";"13084"
"16817582";"T001038";"71700";"NAT9489";"GM0363";"2021JJ00";"854"
"16839534";"T001038";"71700";"NAT9267";"GM0363";"2021JJ00";"12230"
"16861486";"T001038";"71700";"NAT9269";"GM0363";"2021JJ00";"331"
"16883438";"T001038";"71700";"NAT9270";"GM0363";"2021JJ00";"44"
"16905390";"T001038";"71700";"NAT9271";"GM0363";"2021JJ00";"30"
"16927342";"T001038";"71700";"NAT9272";"GM0363";"2021JJ00";"438"
"16949294";"T001038";"71700";"NAT9274";"GM0363";"2021JJ00";"1"
"16971246";"T001038";"71700";"NAT9275";"GM0363";"2021JJ00";"271"
"16993198";"T001038";"71700";"NAT9277";"GM0363";"2021JJ00";"8"
"17015150";"T001038";"71700";"NAT9481";"GM0363";"2021JJ00";"189"
"17037102";"T001038";"71700";"NAT9482";"GM0363";"2021JJ00";"372"
"17059054";"T001038";"71700";"NAT9483";"GM0363";"2021JJ00";"472"
"17081006";"T001038";"71700";"NAT9281";"GM0363";"2021JJ00";"27"
"17102958";"T001038";"71700";"NAT9292";"GM0363";"2021JJ00";"16"
"17124910";"T001038";"71700";"NAT9300";"GM0363";"2021JJ00";"3"
"17146862";"T001038";"71700";"NAT9301";"GM0363";"2021JJ00";"42"
"17168814";"T001038";"71700";"NAT9303";"GM0363";"2021JJ00";"0"
"17190766";"T001038";"71700";"NAT9322";"GM0363";"2021JJ00";"34"
"17212718";"T001038";"71700";"NAT9310";"GM0363";"2021JJ00";"7"
"17234670";"T001038";"71700";"NAT9326";"GM0363";"2021JJ00";"0"
"17256622";"T001038";"71700";"NAT9332";"GM0363";"2021JJ00";"14"
"17278574";"T001038";"71700";"NAT9338";"GM0363";"2021JJ00";"3"
"17300526";"T001038";"71700";"NAT9345";"GM0363";"2021JJ00";"0"
"17322478";"T001038";"71700";"NAT9346";"GM0363";"2021JJ00";"1"
"17344430";"T001038";"71700";"NAT9348";"GM0363";"2021JJ00";"3"
"17366382";"T001038";"71700";"NAT9349";"GM0363";"2021JJ00";"9"
"17388334";"T001038";"71700";"NAT9350";"GM0363";"2021JJ00";"2"
"17410286";"T001038";"71700";"NAT9353";"GM0363";"2021JJ00";"69"
"17432238";"T001038";"71700";"NAT9356";"GM0363";"2021JJ00";"3"
"17454190";"T001038";"71700";"NAT9387";"GM0363";"2021JJ00";"326"
"17476142";"T001038";"71700";"NAT9415";"GM0363";"2021JJ00";"1"
"17498094";"T001038";"71700";"NAT9416";"GM0363";"2021JJ00";"80"
"17520046";"T001038";"71700";"NAT9417";"GM0363";"2021JJ00";"1"
"17541998";"T001038";"71700";"NAT9418";"GM0363";"2021JJ00";"7"
"17563950";"T001038";"71700";"NAT9440";"GM0363";"2021JJ00";"37"
"17585902";"T001038";"71700";"NAT9442";"GM0363";"2021JJ00";"5"
"17607854";"T001038";"71700";"NAT9444";"GM0363";"2021JJ00";"0"
"17629806";"T001038";"71700";"NAT9448";"GM0363";"2021JJ00";"0"
"17651758";"T001038";"71700";"NAT9458";"GM0363";"2021JJ00";"108"
"17673710";"T001038";"71700";"NAT9475";"GM0363";"2021JJ00";"5"
"17695662";"T001038";"71700";"NAT9476";"GM0363";"2021JJ00";"9"
"17717614";"T001038";"71700";"NAT9477";"GM0363";"2021JJ00";"6"
"17739566";"T001038";"71700";"NAT9478";"GM0363";"2021JJ00";"25"
"17761518";"T001038";"71700";"NAT9480";"GM0363";"2021JJ00";"10"
"17783470";"T001038";"71800";"T001059";"GM0363";"2021JJ00";"7091"
"17805422";"T001038";"71800";"NAT9489";"GM0363";"2021JJ00";"300"
"17827374";"T001038";"71800";"NAT9267";"GM0363";"2021JJ00";"6791"
"17849326";"T001038";"71800";"NAT9269";"GM0363";"2021JJ00";"110"
"17871278";"T001038";"71800";"NAT9270";"GM0363";"2021JJ00";"17"
"17893230";"T001038";"71800";"NAT9271";"GM0363";"2021JJ00";"13"
"17915182";"T001038";"71800";"NAT9272";"GM0363";"2021JJ00";"157"
"17937134";"T001038";"71800";"NAT9274";"GM0363";"2021JJ00";"0"
"17959086";"T001038";"71800";"NAT9275";"GM0363";"2021JJ00";"98"
"17981038";"T001038";"71800";"NAT9277";"GM0363";"2021JJ00";"7"
"18002990";"T001038";"71800";"NAT9481";"GM0363";"2021JJ00";"68"
"18024942";"T001038";"71800";"NAT9482";"GM0363";"2021JJ00";"135"
"18046894";"T001038";"71800";"NAT9483";"GM0363";"2021JJ00";"162"
"18068846";"T001038";"71800";"NAT9281";"GM0363";"2021JJ00";"14"
"18090798";"T001038";"71800";"NAT9292";"GM0363";"2021JJ00";"3"
"18112750";"T001038";"71800";"NAT9300";"GM0363";"2021JJ00";"0"
"18134702";"T001038";"71800";"NAT9301";"GM0363";"2021JJ00";"14"
"18156654";"T001038";"71800";"NAT9303";"GM0363";"2021JJ00";"1"
"18178606";"T001038";"71800";"NAT9322";"GM0363";"2021JJ00";"11"
"18200558";"T001038";"71800";"NAT9310";"GM0363";"2021JJ00";"4"
"18222510";"T001038";"71800";"NAT9326";"GM0363";"2021JJ00";"0"
"18244462";"T001038";"71800";"NAT9332";"GM0363";"2021JJ00";"7"
"18266414";"T001038";"71800";"NAT9338";"GM0363";"2021JJ00";"0"
"18288366";"T001038";"71800";"NAT9345";"GM0363";"2021JJ00";"2"
"18310318";"T001038";"71800";"NAT9346";"GM0363";"2021JJ00";"0"
"18332270";"T001038";"71800";"NAT9348";"GM0363";"2021JJ00";"1"
"18354222";"T001038";"71800";"NAT9349";"GM0363";"2021JJ00";"2"
"18376174";"T001038";"71800";"NAT9350";"GM0363";"2021JJ00";"0"
"18398126";"T001038";"71800";"NAT9353";"GM0363";"2021JJ00";"28"
"18420078";"T001038";"71800";"NAT9356";"GM0363";"2021JJ00";"1"
"18442030";"T001038";"71800";"NAT9387";"GM0363";"2021JJ00";"109"
"18463982";"T001038";"71800";"NAT9415";"GM0363";"2021JJ00";"1"
"18485934";"T001038";"71800";"NAT9416";"GM0363";"2021JJ00";"26"
"18507886";"T001038";"71800";"NAT9417";"GM0363";"2021JJ00";"1"
"18529838";"T001038";"71800";"NAT9418";"GM0363";"2021JJ00";"2"
"18551790";"T001038";"71800";"NAT9440";"GM0363";"2021JJ00";"14"
"18573742";"T001038";"71800";"NAT9442";"GM0363";"2021JJ00";"3"
"18595694";"T001038";"71800";"NAT9444";"GM0363";"2021JJ00";"0"
"18617646";"T001038";"71800";"NAT9448";"GM0363";"2021JJ00";"0"
"18639598";"T001038";"71800";"NAT9458";"GM0363";"2021JJ00";"39"
"18661550";"T001038";"71800";"NAT9475";"GM0363";"2021JJ00";"1"
"18683502";"T001038";"71800";"NAT9476";"GM0363";"2021JJ00";"0"
"18705454";"T001038";"71800";"NAT9477";"GM0363";"2021JJ00";"5"
"18727406";"T001038";"71800";"NAT9478";"GM0363";"2021JJ00";"8"
"18749358";"T001038";"71800";"NAT9480";"GM0363";"2021JJ00";"3"
"18771310";"T001038";"71900";"T001059";"GM0363";"2021JJ00";"3025"
"18793262";"T001038";"71900";"NAT9489";"GM0363";"2021JJ00";"91"
"18815214";"T001038";"71900";"NAT9267";"GM0363";"2021JJ00";"2934"
"18837166";"T001038";"71900";"NAT9269";"GM0363";"2021JJ00";"27"
"18859118";"T001038";"71900";"NAT9270";"GM0363";"2021JJ00";"9"
"18881070";"T001038";"71900";"NAT9271";"GM0363";"2021JJ00";"3"
"18903022";"T001038";"71900";"NAT9272";"GM0363";"2021JJ00";"50"
"18924974";"T001038";"71900";"NAT9274";"GM0363";"2021JJ00";"0"
"18946926";"T001038";"71900";"NAT9275";"GM0363";"2021JJ00";"30"
"18968878";"T001038";"71900";"NAT9277";"GM0363";"2021JJ00";"1"
"18990830";"T001038";"71900";"NAT9481";"GM0363";"2021JJ00";"15"
"19012782";"T001038";"71900";"NAT9482";"GM0363";"2021JJ00";"50"
"19034734";"T001038";"71900";"NAT9483";"GM0363";"2021JJ00";"39"
"19056686";"T001038";"71900";"NAT9281";"GM0363";"2021JJ00";"7"
"19078638";"T001038";"71900";"NAT9292";"GM0363";"2021JJ00";"4"
"19100590";"T001038";"71900";"NAT9300";"GM0363";"2021JJ00";"0"
"19122542";"T001038";"71900";"NAT9301";"GM0363";"2021JJ00";"5"
"19144494";"T001038";"71900";"NAT9303";"GM0363";"2021JJ00";"0"
"19166446";"T001038";"71900";"NAT9322";"GM0363";"2021JJ00";"8"
"19188398";"T001038";"71900";"NAT9310";"GM0363";"2021JJ00";"1"
"19210350";"T001038";"71900";"NAT9326";"GM0363";"2021JJ00";"1"
"19232302";"T001038";"71900";"NAT9332";"GM0363";"2021JJ00";"1"
"19254254";"T001038";"71900";"NAT9338";"GM0363";"2021JJ00";"1"
"19276206";"T001038";"71900";"NAT9345";"GM0363";"2021JJ00";"1"
"19298158";"T001038";"71900";"NAT9346";"GM0363";"2021JJ00";"0"
"19320110";"T001038";"71900";"NAT9348";"GM0363";"2021JJ00";"0"
"19342062";"T001038";"71900";"NAT9349";"GM0363";"2021JJ00";"0"
"19364014";"T001038";"71900";"NAT9350";"GM0363";"2021JJ00";"0"
"19385966";"T001038";"71900";"NAT9353";"GM0363";"2021JJ00";"5"
"19407918";"T001038";"71900";"NAT9356";"GM0363";"2021JJ00";"0"
"19429870";"T001038";"71900";"NAT9387";"GM0363";"2021JJ00";"25"
"19451822";"T001038";"71900";"NAT9415";"GM0363";"2021JJ00";"0"
"19473774";"T001038";"71900";"NAT9416";"GM0363";"2021JJ00";"8"
"19495726";"T001038";"71900";"NAT9417";"GM0363";"2021JJ00";"0"
"19517678";"T001038";"71900";"NAT9418";"GM0363";"2021JJ00";"2"
"19539630";"T001038";"71900";"NAT9440";"GM0363";"2021JJ00";"1"
"19561582";"T001038";"71900";"NAT9442";"GM0363";"2021JJ00";"0"
"19583534";"T001038";"71900";"NAT9444";"GM0363";"2021JJ00";"0"
"19605486";"T001038";"71900";"NAT9448";"GM0363";"2021JJ00";"0"
"19627438";"T001038";"71900";"NAT9458";"GM0363";"2021JJ00";"8"
"19649390";"T001038";"71900";"NAT9475";"GM0363";"2021JJ00";"1"
"19671342";"T001038";"71900";"NAT9476";"GM0363";"2021JJ00";"2"
"19693294";"T001038";"71900";"NAT9477";"GM0363";"2021JJ00";"2"
"19715246";"T001038";"71900";"NAT9478";"GM0363";"2021JJ00";"6"
"19737198";"T001038";"71900";"NAT9480";"GM0363";"2021JJ00";"2"
"19759150";"T001038";"22000";"T001059";"GM0363";"2021JJ00";"900"
"19781102";"T001038";"22000";"NAT9489";"GM0363";"2021JJ00";"16"
"19803054";"T001038";"22000";"NAT9267";"GM0363";"2021JJ00";"884"
"19825006";"T001038";"22000";"NAT9269";"GM0363";"2021JJ00";"5"
"19846958";"T001038";"22000";"NAT9270";"GM0363";"2021JJ00";"3"
"19868910";"T001038";"22000";"NAT9271";"GM0363";"2021JJ00";"0"
"19890862";"T001038";"22000";"NAT9272";"GM0363";"2021JJ00";"7"
"19912814";"T001038";"22000";"NAT9274";"GM0363";"2021JJ00";"1"
"19934766";"T001038";"22000";"NAT9275";"GM0363";"2021JJ00";"4"
"19956718";"T001038";"22000";"NAT9277";"GM0363";"2021JJ00";"0"
"19978670";"T001038";"22000";"NAT9481";"GM0363";"2021JJ00";"2"
"20000622";"T001038";"22000";"NAT9482";"GM0363";"2021JJ00";"9"
"20022574";"T001038";"22000";"NAT9483";"GM0363";"2021JJ00";"7"
"20044526";"T001038";"22000";"NAT9281";"GM0363";"2021JJ00";"2"
"20066478";"T001038";"22000";"NAT9292";"GM0363";"2021JJ00";"0"
"20088430";"T001038";"22000";"NAT9300";"GM0363";"2021JJ00";"0"
"20110382";"T001038";"22000";"NAT9301";"GM0363";"2021JJ00";"0"
"20132334";"T001038";"22000";"NAT9303";"GM0363";"2021JJ00";"0"
"20154286";"T001038";"22000";"NAT9322";"GM0363";"2021JJ00";"1"
"20176238";"T001038";"22000";"NAT9310";"GM0363";"2021JJ00";"0"
"20198190";"T001038";"22000";"NAT9326";"GM0363";"2021JJ00";"0"
"20220142";"T001038";"22000";"NAT9332";"GM0363";"2021JJ00";"1"
"20242094";"T001038";"22000";"NAT9338";"GM0363";"2021JJ00";"0"
"20264046";"T001038";"22000";"NAT9345";"GM0363";"2021JJ00";"0"
"20285998";"T001038";"22000";"NAT9346";"GM0363";"2021JJ00";"0"
"20307950";"T001038";"22000";"NAT9348";"GM0363";"2021JJ00";"0"
"20329902";"T001038";"22000";"NAT9349";"GM0363";"2021JJ00";"0"
"20351854";"T001038";"22000";"NAT9350";"GM0363";"2021JJ00";"0"
"20373806";"T001038";"22000";"NAT9353";"GM0363";"2021JJ00";"0"
"20395758";"T001038";"22000";"NAT9356";"GM0363";"2021JJ00";"0"
"20417710";"T001038";"22000";"NAT9387";"GM0363";"2021JJ00";"4"
"20439662";"T001038";"22000";"NAT9415";"GM0363";"2021JJ00";"0"
"20461614";"T001038";"22000";"NAT9416";"GM0363";"2021JJ00";"2"
"20483566";"T001038";"22000";"NAT9417";"GM0363";"2021JJ00";"0"
"20505518";"T001038";"22000";"NAT9418";"GM0363";"2021JJ00";"0"
"20527470";"T001038";"22000";"NAT9440";"GM0363";"2021JJ00";"0"
"20549422";"T001038";"22000";"NAT9442";"GM0363";"2021JJ00";"1"
"20571374";"T001038";"22000";"NAT9444";"GM0363";"2021JJ00";"0"
"20593326";"T001038";"22000";"NAT9448";"GM0363";"2021JJ00";"0"
"20615278";"T001038";"22000";"NAT9458";"GM0363";"2021JJ00";"1"
"20637230";"T001038";"22000";"NAT9475";"GM0363";"2021JJ00";"1"
"20659182";"T001038";"22000";"NAT9476";"GM0363";"2021JJ00";"0"
"20681134";"T001038";"22000";"NAT9477";"GM0363";"2021JJ00";"0"
"20703086";"T001038";"22000";"NAT9478";"GM0363";"2021JJ00";"2"
"20725038";"T001038";"22000";"NAT9480";"GM0363";"2021JJ00";"0"
