bevolkingsdichtheid_inwoners_per_km2,aantal_inwoners,mannen,vrouwen,geboorte_totaal,geboortes_per_1000_inwoners,sterfte_totaal,sterfte_relatief,aantal_huishoudens,gemiddelde_huishoudsgrootte,aantal_bedrijven_landbouw_bosbouw_visserij,aantal_bedrijven_nijverheid_energie,aantal_bedrijven_handel_en_horeca,aantal_bedrijven_vervoer_informatie_communicatie,aantal_bedrijven_financieel_onroerend_goed,aantal_bedrijven_zakelijke_dienstverlening,aantal_bedrijven_overheid_onderwijs_en_zorg,aantal_bedrijven_cultuur_recreatie_overige,aantal_bedrijfsvestigingen,woningvoorraad,gemiddelde_woningwaarde,perc_huurwoningen_in_bezit_woningcorporaties,perc_huurwoningen_in_bezit_overige_verhuurders,personenautos_totaal,personenautos_per_huishouden,personenautos_per_km2,motortweewielers_totaal,aantal_personenautos_met_brandstof_benzine,aantal_personenautos_met_overige_brandstof,winkels_ov_dagelijkse_levensm_gem_afst_in_km,stadsdeel,eengezinswoning,meergezinswoning,koopwoningen,huurwoningen,huurwoningen_in_bezit_woningcorporaties,huurwoningen_in_bezit_overige_verhuurders,woningen_met_eigendom_onbekend,bouwjaarklasse_tot_2000,bouwjaarklasse_vanaf_2000,personen_0_tot_15_jaar,personen_15_tot_25_jaar,personen_25_tot_45_jaar,personen_45_tot_65_jaar,personen_65_jaar_en_ouder,ongehuwd,gehuwd,gescheid,verweduwd,eenpersoonshuishoudens,huishoudens_zonder_kinderen,huishoudens_met_kinderen,westerse_migratieachtergrond,niet_westerse_migratieachtergrond,uit_marokko,uit_nederlandse_antillen_en_aruba,uit_suriname,uit_turkije,overige_nietwestersemigratieachtergrond
18567,1115,650,465,5,5,5,4,770,1.4,0,15,210,35,25,95,35,85,505,773,429,7,74,155,0.2,2537,25,125,30,0.0,Centrum,30,742,146,618,54,572,7,749,23,44,144,557,278,100,858,156,89,11,515,200,46,390,211,0,11,33,11,144
7756,695,390,305,5,9,0,1,510,1.4,0,10,150,30,55,105,25,150,530,532,448,27,58,90,0.2,1009,15,70,20,0.0,Centrum,26,505,69,452,143,308,10,462,69,20,145,340,125,69,562,69,48,6,351,127,30,243,118,6,6,13,6,83
27483,1650,860,790,15,8,5,5,1145,1.4,0,30,195,60,40,140,40,220,725,1008,458,9,75,255,0.2,4060,55,190,65,0.1,Centrum,40,967,171,836,90,756,0,967,40,82,280,775,330,181,1270,247,115,16,755,286,103,561,346,16,16,49,16,247
7360,370,205,165,5,5,0,3,245,1.5,0,10,90,25,30,50,15,55,275,263,0,5,65,85,0.3,1590,15,60,25,0.1,Centrum,23,239,78,184,13,170,0,257,5,22,62,188,74,25,284,55,22,7,149,71,24,140,40,3,0,3,7,29
8638,695,385,310,10,9,5,7,510,1.4,0,0,65,30,15,80,30,60,270,398,528,37,43,120,0.2,1429,15,95,30,0.1,Centrum,27,370,79,318,147,171,3,398,0,34,139,291,152,76,535,111,41,13,372,91,40,194,104,6,6,13,6,69
0,5,5,5,0,0,0,0,5,1.8,0,0,50,5,5,5,0,5,75,0,0,0,0,5,0.0,0,0,5,0,0.0,Centrum,0,0,0,0,0,0,0,0,0,0,0,0,0,0,0,0,0,0,0,0,0,0,0,0,0,0,0,0
9317,560,325,235,5,5,0,0,405,1.4,0,10,105,30,20,80,10,50,310,403,444,3,68,120,0.3,2168,15,80,40,0.1,Centrum,12,390,116,286,12,274,0,398,4,22,72,302,123,33,459,61,39,5,275,105,24,212,84,5,5,11,11,56
7517,450,260,195,10,16,0,0,340,1.3,0,5,130,25,25,50,10,40,275,339,469,10,75,65,0.2,1178,5,50,15,0.0,Centrum,23,315,50,288,33,254,0,328,10,13,76,247,90,18,369,58,18,4,244,74,20,184,108,0,4,9,4,90
16140,805,440,365,5,7,5,4,555,1.4,0,15,145,45,40,120,20,90,470,556,493,8,63,185,0.3,3676,20,120,65,0.0,Centrum,33,522,150,400,44,350,5,556,0,24,120,434,161,64,611,144,40,8,349,172,33,297,128,8,8,16,16,88
9600,765,450,320,5,7,0,4,520,1.5,0,5,210,30,25,80,20,80,445,534,465,6,71,125,0.2,1484,30,90,35,0.0,Centrum,42,491,117,411,32,379,5,517,16,45,130,397,145,45,612,122,30,7,327,156,36,260,160,7,0,15,7,122
12033,725,405,320,5,4,0,1,525,1.4,0,15,125,30,30,65,30,70,370,575,487,23,59,145,0.3,2464,20,115,30,0.1,Centrum,17,557,92,477,132,339,5,534,40,36,101,362,152,72,572,108,43,7,367,115,36,282,116,7,7,7,7,87
5914,415,175,245,5,10,0,2,330,1.2,0,10,160,25,20,55,30,35,330,346,469,1,88,85,0.3,1189,10,60,20,0.1,Centrum,24,321,34,307,3,304,3,346,0,4,58,207,78,66,307,53,49,4,257,62,6,128,70,8,0,4,0,53
5920,295,170,125,5,10,0,3,205,1.4,0,5,125,15,10,35,10,15,215,219,605,5,72,50,0.2,934,5,35,15,0.0,Centrum,8,210,48,168,10,157,0,214,4,8,64,150,50,17,236,44,14,0,133,59,12,112,61,2,5,2,5,47
18690,1870,995,875,20,10,5,4,1145,1.6,0,30,90,75,100,280,80,130,785,1200,814,7,42,595,0.5,6111,50,455,140,0.2,Centrum,108,1092,588,600,84,504,24,1188,12,187,205,579,523,392,1122,561,130,56,664,309,171,617,168,0,0,18,18,112
12857,1800,905,895,20,9,5,3,1200,1.5,0,30,160,140,160,335,75,135,1040,1202,807,17,42,585,0.5,4308,60,440,145,0.1,Centrum,84,1117,480,709,204,504,12,1202,0,108,360,630,450,270,1260,432,90,36,780,288,120,648,234,0,18,18,18,180
12638,2025,1075,945,20,10,10,7,1320,1.5,0,40,310,160,155,455,85,125,1340,1463,785,8,50,680,0.5,4220,50,495,185,0.1,Centrum,117,1345,585,848,117,731,14,1448,14,121,222,789,567,324,1296,546,141,40,805,369,145,749,243,0,20,20,20,162
13500,675,360,315,5,4,5,3,435,1.6,0,20,90,55,50,145,45,50,450,452,932,10,48,245,0.6,4569,10,180,65,0.1,Centrum,45,406,185,262,45,216,4,447,4,40,81,249,182,121,432,175,40,20,261,121,52,209,87,0,6,6,6,67
10000,800,450,350,10,11,5,4,480,1.7,0,5,130,50,90,195,30,50,560,597,837,7,50,270,0.6,3366,35,190,75,0.1,Centrum,59,537,250,340,41,298,5,591,5,72,96,320,208,104,520,216,48,16,264,139,76,304,136,0,8,8,8,112
2920,150,85,65,5,14,0,7,90,1.6,0,15,55,40,65,115,15,25,325,100,1122,0,54,95,1.0,2025,0,70,25,0.1,Centrum,10,90,43,54,0,54,3,93,7,12,22,60,28,27,102,27,12,7,51,30,8,57,12,1,1,1,1,7
10823,1405,720,685,5,4,10,6,870,1.6,0,20,145,65,100,220,70,85,700,865,939,1,55,415,0.5,3188,55,320,95,0.1,Centrum,164,700,380,475,8,475,8,839,25,98,196,463,379,252,857,393,112,42,522,217,130,421,126,0,14,14,14,84
13927,1535,805,725,10,7,5,3,930,1.7,0,20,120,45,110,195,55,95,640,933,853,7,49,515,0.6,4662,60,390,125,0.1,Centrum,130,802,410,513,65,457,9,923,9,153,184,506,445,245,982,429,92,46,558,223,148,445,184,15,15,15,15,122
7617,455,265,190,5,11,0,4,320,1.4,0,0,85,15,25,50,15,30,220,303,564,8,68,80,0.3,1375,15,60,20,0.2,Centrum,12,290,69,230,24,206,3,303,0,22,50,263,81,40,345,68,31,4,208,92,19,163,100,9,0,4,9,77
9950,400,225,175,0,3,0,0,275,1.4,0,10,155,50,25,45,5,40,330,264,512,0,86,55,0.2,1383,10,40,15,0.0,Centrum,15,248,34,227,0,227,2,248,15,20,92,228,48,12,328,64,8,0,176,77,19,204,72,0,4,4,4,60
12840,645,365,275,10,11,0,6,395,1.6,0,10,120,75,55,175,50,35,520,440,832,2,63,210,0.5,3835,15,155,55,0.1,Centrum,70,369,145,286,8,277,8,440,0,45,77,245,161,109,432,148,32,32,233,114,47,264,51,0,0,6,0,38
3850,460,265,195,10,13,0,2,260,1.8,0,5,25,20,35,55,10,25,175,268,678,34,22,750,0.0,0,10,625,125,0.5,Centrum,0,268,117,147,91,58,2,10,257,59,27,193,128,46,294,115,46,9,124,80,54,119,119,13,4,36,9,59
14420,725,355,365,5,10,0,3,440,1.6,0,15,30,25,10,60,15,55,210,330,689,4,58,160,0.4,3032,30,120,40,0.3,Centrum,13,316,122,204,13,191,6,323,6,50,116,275,166,108,493,174,43,14,250,132,61,217,58,7,7,7,7,29
10956,990,485,500,5,7,0,2,630,1.6,0,10,35,35,20,90,35,45,270,616,0,35,40,185,0.3,2014,20,140,45,0.3,Centrum,18,597,147,455,215,246,12,585,30,99,217,346,227,99,712,207,49,9,384,157,94,346,158,9,9,29,19,99
21520,1075,555,520,10,9,5,2,685,1.6,0,10,60,40,30,110,40,70,360,685,502,23,43,210,0.3,3951,35,160,50,0.2,Centrum,41,643,226,458,157,294,0,671,13,86,107,419,290,161,752,236,75,10,397,184,95,301,129,10,10,10,10,96
26600,1600,775,820,5,3,40,23,1030,1.5,0,15,70,35,15,105,50,100,390,1083,457,68,16,270,0.3,4541,55,215,55,0.1,Centrum,54,1028,173,909,736,173,0,1083,0,112,144,400,496,448,1008,304,224,64,679,195,154,384,240,16,16,48,16,144
15425,1235,660,575,5,7,10,6,805,1.5,0,20,50,30,20,90,45,80,335,803,506,36,27,240,0.3,2996,35,205,40,0.2,Centrum,0,803,297,505,289,216,0,578,224,86,123,456,358,209,790,308,111,24,491,201,112,358,259,12,0,24,24,185
17014,1190,610,585,10,9,10,8,800,1.5,0,10,25,35,40,105,25,55,295,817,507,23,33,275,0.3,4036,25,225,50,0.3,Centrum,0,817,351,457,187,269,8,817,0,95,130,368,309,273,725,297,130,47,536,160,96,357,202,11,0,35,0,142
21400,1500,840,655,5,5,15,13,1035,1.4,0,10,105,60,30,125,45,105,485,1064,543,50,28,305,0.3,4487,45,250,55,0.1,Centrum,53,1010,223,840,532,297,0,1064,0,90,150,465,465,330,975,330,150,45,703,217,113,405,195,15,15,30,15,135
7855,860,450,410,5,8,5,6,595,1.5,0,5,55,15,15,85,30,70,280,574,486,39,31,175,0.3,1567,20,140,35,0.1,Centrum,11,562,172,401,223,177,0,551,22,60,103,292,232,172,584,180,77,17,404,124,65,258,146,8,8,25,8,103
11506,1840,940,900,20,11,10,6,995,1.9,0,25,55,55,60,185,55,75,505,979,697,28,29,3565,0.0,0,45,385,3180,0.5,Centrum,0,979,420,558,274,283,0,0,979,239,128,533,533,386,1030,588,165,55,457,318,218,423,478,55,18,128,36,239
16422,1475,750,725,15,8,10,9,970,1.5,0,15,135,55,30,145,60,100,540,1045,530,33,43,280,0.3,3025,35,220,60,0.1,Centrum,52,992,261,783,344,449,0,1034,10,88,162,545,413,250,1017,280,132,44,611,232,126,398,221,14,0,44,0,147
22082,2430,1240,1185,20,8,30,13,1490,1.6,0,20,170,70,35,180,75,150,700,1540,496,44,30,530,0.4,4844,60,430,100,0.1,Centrum,30,1509,385,1139,677,462,0,1447,92,218,243,826,729,437,1555,558,218,97,908,327,253,631,461,72,24,97,24,243
19347,2900,1410,1490,25,9,10,3,1810,1.6,0,50,75,90,60,310,100,180,865,1719,525,50,16,710,0.4,4644,90,565,140,0.4,Centrum,51,1667,567,1151,859,275,0,1478,240,290,232,899,899,551,1827,725,290,58,1122,380,307,783,435,58,29,58,29,261
17650,355,185,175,5,8,0,6,255,1.4,0,0,10,10,0,10,10,30,75,242,344,51,39,55,0.2,3134,10,45,15,0.4,Centrum,2,239,24,217,123,94,0,242,0,28,28,173,92,31,287,39,21,7,183,40,30,110,67,3,3,17,0,42
17000,170,90,80,0,6,0,6,125,1.3,0,5,10,10,0,15,5,10,55,130,347,86,13,25,0.2,1961,5,20,5,0.3,Centrum,0,130,1,128,111,16,0,130,0,10,10,68,52,28,122,25,18,3,95,21,10,32,37,5,3,10,0,18
27210,2725,1345,1375,20,8,15,5,1860,1.5,0,35,100,70,30,220,95,160,710,1883,444,39,34,545,0.3,5557,80,440,110,0.1,Centrum,75,1807,489,1374,734,640,18,1826,56,190,245,1090,763,408,1907,545,218,54,1227,409,223,763,381,54,27,54,27,245
26964,2965,1460,1505,30,10,20,6,1885,1.6,0,35,130,80,75,260,70,130,785,1958,548,24,43,610,0.3,5357,70,500,110,0.1,Centrum,137,1820,626,1311,469,841,19,1860,97,266,326,1097,770,474,1986,652,266,59,1168,433,282,948,385,29,29,59,29,266
24750,1485,740,745,15,11,20,13,965,1.5,0,25,30,35,10,85,45,65,300,968,404,52,31,270,0.3,4915,35,230,45,0.2,Centrum,0,968,164,803,503,300,9,968,0,133,148,549,415,252,994,297,133,44,598,231,144,371,326,44,14,74,44,163
23350,935,535,400,15,13,5,4,730,1.3,0,10,20,30,15,70,20,35,190,722,315,35,51,140,0.2,4013,25,110,30,0.2,Centrum,0,722,101,620,252,368,0,722,0,56,121,476,205,74,738,102,84,9,576,102,51,261,243,37,18,46,18,121
10150,200,110,90,0,5,0,0,125,1.6,0,0,15,5,0,15,10,15,65,118,517,1,55,40,0.3,2526,5,35,5,0.1,Centrum,1,116,50,66,1,64,1,118,0,14,18,124,32,12,152,36,12,0,70,40,16,56,42,0,2,8,4,26
22558,4290,2200,2090,35,8,25,6,2820,1.5,0,70,260,115,85,375,155,280,1335,2939,494,18,57,870,0.3,4609,135,715,155,0.1,Centrum,88,2850,734,2204,529,1675,29,2821,117,343,429,1587,1158,772,2874,900,386,85,1833,620,366,1287,643,85,42,85,85,343
17440,870,455,415,10,9,5,6,615,1.4,0,10,35,35,15,80,20,55,255,647,605,24,37,175,0.3,3869,25,150,30,0.2,Centrum,19,627,239,401,155,239,12,627,19,52,87,321,243,174,609,165,69,26,430,129,55,252,121,8,8,17,8,69
6325,255,120,135,0,4,0,12,170,1.5,0,0,15,5,10,30,10,10,80,166,468,0,69,35,0.2,923,5,25,5,0.1,Centrum,0,166,51,114,0,114,0,166,0,5,53,147,33,15,204,30,12,7,96,66,6,86,53,5,5,2,2,38
16750,670,355,320,5,4,20,28,490,1.3,0,5,15,10,10,50,25,30,145,510,427,34,51,110,0.2,2673,10,95,15,0.3,Centrum,0,510,76,433,173,260,0,357,153,33,33,268,140,194,428,107,67,67,372,88,29,187,113,13,6,13,13,67
23111,2080,1055,1025,15,8,15,6,1320,1.6,0,25,110,50,50,180,80,125,625,1334,533,32,39,540,0.4,5704,70,440,100,0.1,Centrum,93,1240,386,947,426,520,0,1293,40,166,228,644,644,374,1393,457,166,62,805,290,211,540,228,20,0,41,20,124
26682,2935,1460,1470,30,11,25,8,1955,1.5,0,35,125,60,40,215,80,160,710,1972,484,47,26,590,0.3,5327,80,490,100,0.1,Centrum,98,1873,512,1439,926,512,19,1932,39,234,293,909,968,557,2025,587,264,58,1290,371,273,763,381,29,29,58,29,234
8900,265,155,115,0,4,5,4,195,1.4,0,0,40,20,15,35,15,30,150,205,475,0,61,40,0.2,1640,5,30,10,0.1,Centrum,16,188,77,125,0,125,2,205,0,10,39,143,55,15,209,42,10,2,138,44,11,98,53,0,5,0,2,45
4233,130,70,60,0,8,0,0,95,1.4,0,0,15,5,0,10,0,15,55,107,529,21,65,25,0.2,847,5,20,5,0.2,Centrum,1,105,14,92,22,69,0,101,5,2,29,54,28,14,91,26,9,2,72,15,8,49,31,0,2,1,2,26
20660,1030,535,495,5,5,5,6,705,1.5,0,10,180,40,35,105,20,80,470,719,515,0,71,170,0.2,3194,30,135,35,0.1,Centrum,43,675,194,517,0,510,7,704,14,51,226,525,164,61,824,144,51,10,444,211,49,391,206,10,10,10,20,154
7175,290,150,135,5,21,0,7,185,1.5,0,5,35,10,10,50,10,20,145,203,587,15,55,55,0.3,1270,10,45,10,0.2,Centrum,4,198,60,142,30,111,0,203,0,31,34,101,81,40,197,69,11,8,125,31,27,84,58,2,5,8,2,40
20008,2400,1180,1225,25,9,10,4,1470,1.6,0,30,105,75,70,250,95,110,735,1536,573,9,51,515,0.4,4344,90,405,115,0.1,Centrum,138,1397,614,921,138,783,0,1413,122,264,216,1080,552,288,1728,504,120,24,852,396,220,792,288,24,0,24,24,216
10690,1070,570,500,10,10,5,7,610,1.8,0,15,45,40,40,145,50,35,370,560,782,19,38,255,0.4,2696,20,210,50,0.2,Centrum,16,543,246,313,106,212,0,548,11,107,128,385,256,192,663,310,64,32,341,146,122,310,128,10,10,10,10,85
20217,1210,630,580,15,12,10,5,775,1.6,0,20,75,40,35,140,45,65,415,777,651,14,47,330,0.4,5791,30,270,60,0.1,Centrum,69,707,287,481,108,365,7,753,23,84,133,435,326,217,774,302,96,36,465,201,108,375,133,0,12,12,12,96
6657,935,485,450,15,12,0,3,570,1.6,0,20,30,35,95,145,45,40,405,558,734,19,36,330,0.6,2421,25,270,60,0.3,Centrum,33,524,251,306,106,200,0,513,44,84,74,345,271,149,598,252,65,18,336,148,85,280,121,9,9,18,9,74
14905,3130,1600,1530,25,9,40,12,2055,1.5,0,30,80,115,60,285,135,160,865,1818,545,29,41,945,0.5,4464,60,620,325,0.4,Centrum,36,1781,545,1272,527,745,18,1781,36,187,469,1158,719,594,2159,626,250,93,1376,493,205,907,469,31,31,93,31,313
11989,2155,1150,1010,25,12,10,6,1195,1.6,0,20,65,80,85,225,85,110,670,1173,529,42,29,440,0.4,2409,45,340,100,0.2,Centrum,11,1161,328,844,492,340,11,1032,140,193,280,883,581,215,1573,409,150,43,740,274,179,560,474,64,21,107,43,237
5468,1855,940,925,15,9,15,9,1095,1.6,0,20,60,60,50,195,75,105,565,1082,619,20,33,510,0.5,1497,40,385,125,0.3,Centrum,54,1027,508,573,216,357,0,1027,54,185,259,575,500,333,1205,482,129,55,646,262,186,519,222,18,18,18,18,148
9900,395,205,195,5,10,0,0,240,1.7,0,5,10,5,10,30,20,25,105,233,551,16,35,75,0.3,1927,5,65,10,0.6,Centrum,2,230,111,121,37,81,0,230,2,55,35,173,94,35,300,67,19,7,141,57,43,98,43,0,3,3,3,31
476,80,45,35,0,12,0,0,35,1.8,0,5,15,20,5,15,5,20,85,3,0,0,0,25,0.0,0,10,20,5,0.7,Centrum,0,0,0,0,0,0,0,0,0,9,1,24,32,11,48,22,7,1,16,9,10,8,17,0,0,0,0,17
18767,1690,785,905,15,9,10,5,1035,1.6,0,10,25,30,5,60,30,50,210,785,404,70,6,365,0.4,4083,35,320,45,0.4,Centrum,31,753,180,604,549,47,0,785,0,152,354,456,354,371,1030,439,169,50,652,196,186,321,422,50,16,101,33,202
21933,2635,1465,1165,10,4,15,7,1355,1.6,0,20,40,55,10,105,65,105,405,1310,410,47,24,610,0.5,4918,65,485,125,0.3,Centrum,13,1296,393,917,615,314,0,1231,78,237,184,948,895,368,1739,500,342,52,813,257,271,447,1001,184,52,316,52,395
8885,1775,900,875,15,10,15,9,1040,1.7,0,20,35,65,25,135,50,65,400,906,432,47,25,395,0.4,1966,55,315,80,0.4,Centrum,18,887,253,652,425,226,0,824,81,177,195,639,514,248,1189,390,159,35,624,208,218,319,603,124,17,177,53,248
23610,2360,1175,1180,40,17,35,14,1465,1.6,0,35,85,75,30,190,95,120,635,1454,364,31,47,420,0.3,4060,65,340,80,0.1,Centrum,29,1424,319,1134,450,683,0,1148,305,236,259,1062,542,236,1746,354,212,47,893,307,249,519,708,141,47,165,47,306
18557,1300,650,650,15,11,10,7,620,2.1,0,10,30,40,30,100,50,30,290,562,606,31,7,320,0.5,4301,35,245,75,0.3,Centrum,0,562,342,219,174,39,0,5,556,260,169,312,429,130,819,390,78,13,272,136,210,273,273,65,13,39,13,130
18780,940,445,490,10,10,10,7,620,1.5,0,10,15,25,5,55,35,40,180,572,475,69,6,210,0.3,3823,30,165,45,0.4,Centrum,5,566,137,429,394,34,0,572,0,56,112,300,263,216,658,169,84,28,403,130,86,188,197,37,9,47,18,84
17265,2935,1490,1445,25,9,20,7,1890,1.6,0,35,60,85,45,245,110,160,740,1659,517,55,13,795,0.4,4668,135,625,170,0.3,Centrum,33,1625,547,1111,912,215,0,1526,132,264,293,821,939,616,1878,733,234,88,1190,415,283,675,469,58,29,88,29,293
22,10,10,5,0,0,0,0,5,1.1,0,25,60,50,30,60,20,10,260,9,0,0,0,625,0.0,0,20,325,300,0.4,Nieuw-West,0,0,0,0,0,0,0,0,0,0,0,0,0,0,0,0,0,0,0,0,0,0,0,0,0,0,0,0
0,0,0,0,0,0,0,0,0,0.0,0,5,45,5,0,10,5,0,75,0,0,0,0,125,0.0,0,0,70,55,0.0,Nieuw-West,0,0,0,0,0,0,0,0,0,0,0,0,0,0,0,0,0,0,0,0,0,0,0,0,0,0,0,0
58,120,95,25,0,0,0,0,105,1.1,0,145,235,115,45,135,30,25,725,29,0,0,97,430,0.0,0,50,175,255,2.6,Nieuw-West,0,28,0,28,0,28,0,4,24,2,54,39,21,3,102,8,9,0,95,7,2,31,56,10,7,12,10,15
28,30,15,15,5,36,0,0,10,2.2,0,15,30,0,5,10,0,15,75,2,0,0,0,35,0.0,0,0,30,5,3.4,Nieuw-West,0,0,0,0,0,0,0,0,0,0,0,0,0,0,0,0,0,0,4,2,3,0,0,0,0,0,0,0
820,695,410,285,0,3,0,0,615,1.1,0,40,130,125,125,220,55,35,730,605,134,0,100,1190,1.9,1395,10,745,445,0.8,Nieuw-West,0,605,0,605,0,605,0,175,429,6,243,423,20,0,653,34,6,0,535,73,6,250,291,20,13,34,13,208
0,0,0,5,0,0,0,0,0,1.0,0,0,0,0,0,0,0,0,10,0,0,0,0,0,0.0,0,0,0,0,0.0,Nieuw-West,0,0,0,0,0,0,0,0,0,0,0,0,0,0,0,0,0,0,0,0,0,0,0,0,0,0,0,0
0,0,0,0,0,0,0,0,0,0.0,0,0,0,0,0,0,0,0,0,0,0,0,0,0,0.0,0,0,0,0,0.0,Nieuw-West,0,0,0,0,0,0,0,0,0,0,0,0,0,0,0,0,0,0,0,0,0,0,0,0,0,0,0,0
10117,3035,1555,1480,100,33,20,6,1365,2.2,0,15,45,55,70,245,90,65,580,1418,679,8,35,1195,0.9,3916,100,695,495,0.7,West,127,1290,808,609,113,496,0,0,1418,698,151,1274,698,242,1912,910,151,60,491,382,491,637,424,60,30,60,30,242
32650,655,355,300,0,5,0,3,395,1.6,0,10,15,35,20,90,15,35,220,352,632,28,16,235,0.6,10122,25,175,60,0.3,West,0,352,197,154,98,56,0,193,158,52,39,157,268,137,379,203,52,13,217,118,59,170,72,13,0,19,13,39
22167,1995,980,1015,20,11,15,7,1060,1.7,0,25,40,60,20,175,60,95,475,1026,407,36,35,395,0.4,4325,40,320,75,0.2,West,0,1026,287,728,369,359,0,954,71,299,179,758,538,219,1396,399,179,39,593,233,233,418,718,199,19,159,39,279
27030,2700,1355,1350,30,11,20,7,1675,1.6,0,25,50,55,10,120,50,105,410,1646,373,73,7,550,0.3,5534,65,455,95,0.3,West,0,1646,345,1300,1201,115,0,1646,0,324,216,945,837,378,1809,513,297,54,1038,301,335,486,972,243,54,216,81,378
20660,1030,485,550,10,7,10,10,625,1.7,0,15,20,30,5,50,30,35,190,595,361,44,27,255,0.4,5199,30,200,55,0.3,West,0,595,166,428,261,160,0,529,65,123,82,391,278,144,721,206,92,20,362,143,118,216,278,72,10,72,20,113
21350,1705,855,850,25,15,35,22,960,1.6,0,15,45,40,10,80,55,85,330,947,361,45,25,285,0.3,3787,35,235,55,0.2,West,0,947,284,662,426,236,0,947,0,204,102,664,358,375,1125,306,170,102,595,201,172,358,409,68,17,102,34,187
21017,1260,650,615,25,18,15,9,770,1.6,0,20,30,30,10,80,35,60,260,811,373,40,38,290,0.4,5075,40,250,40,0.2,West,8,802,170,640,324,308,0,713,97,163,113,541,327,113,882,239,113,25,477,138,154,252,403,88,25,88,25,176
16250,1950,965,985,30,14,10,7,1115,1.7,0,20,25,40,5,85,55,75,300,1077,410,86,3,430,0.4,3615,50,350,80,0.4,West,0,1077,107,969,926,32,0,1077,0,253,156,819,526,195,1326,370,214,39,613,234,267,351,702,175,19,175,58,253
0,0,0,0,0,0,0,0,0,0.0,0,0,15,0,5,10,15,10,60,0,0,0,0,5,0.0,0,0,0,5,0.0,West,0,0,0,0,0,0,0,0,0,0,0,0,0,0,0,0,0,0,0,0,0,0,0,0,0,0,0,0
0,5,0,0,0,0,0,0,5,1.3,0,0,0,0,0,0,0,0,10,6,0,0,0,5,0.0,0,0,0,0,0.0,West,0,0,0,0,0,0,0,0,0,0,0,0,0,0,0,0,0,0,0,0,0,0,0,0,0,0,0,0
22900,1375,690,685,15,9,5,4,830,1.7,0,15,45,30,10,100,45,95,340,823,426,45,32,290,0.4,4571,35,245,45,0.2,West,0,823,181,633,370,263,0,823,0,165,137,563,357,165,921,316,110,27,481,199,149,343,357,82,13,41,41,178
21150,850,425,420,10,11,10,8,560,1.5,0,10,15,15,5,35,20,30,135,551,403,64,14,175,0.3,4980,25,155,25,0.2,West,5,545,115,424,352,77,5,551,0,76,85,221,297,178,544,187,93,25,375,95,89,195,238,76,8,42,8,119
20267,1220,595,620,15,11,20,16,765,1.6,0,10,25,15,5,60,35,35,190,743,354,75,6,255,0.3,4306,30,215,35,0.2,West,0,743,133,601,557,44,0,743,0,97,97,378,341,305,707,280,170,61,459,168,137,244,414,122,12,85,36,170
36770,3675,1835,1840,50,14,15,4,2310,1.6,0,45,95,90,20,235,105,170,755,2329,358,51,20,665,0.3,6385,105,560,100,0.1,West,0,2329,675,1653,1187,465,0,2259,69,404,294,1690,1029,294,2793,588,257,36,1432,485,415,992,992,220,36,183,110,441
27660,2770,1370,1395,40,14,10,4,1745,1.6,0,30,45,90,10,195,95,145,615,1770,362,36,28,575,0.3,5837,90,495,80,0.2,West,0,1770,637,1132,637,495,17,1716,53,277,249,1412,692,138,2132,415,193,27,1081,366,296,775,692,166,27,83,27,387
27536,3025,1515,1515,40,13,10,4,1680,1.8,0,35,60,70,30,210,115,125,640,1607,476,36,32,660,0.4,5853,85,525,140,0.2,West,0,1607,530,1076,578,514,0,1060,546,363,272,1179,877,302,2117,635,211,30,856,453,386,695,665,181,30,121,60,272
21200,1270,600,670,5,6,5,2,610,2.1,0,0,15,40,10,60,45,40,215,602,502,45,6,190,0.3,2966,25,145,40,0.4,West,0,602,294,307,270,36,0,602,0,165,190,279,495,139,787,355,114,25,256,122,231,241,304,101,12,38,12,127
62,15,5,5,0,0,0,0,5,2.0,0,0,60,5,10,5,0,5,80,0,0,0,0,75,0.0,0,5,40,35,0.3,West,0,0,0,0,0,0,0,0,0,0,0,0,0,0,0,0,0,0,0,0,0,0,0,0,0,0,0,0
457,65,35,30,0,0,0,0,30,2.1,0,15,35,20,15,15,10,10,115,13,0,0,0,75,0.0,0,15,45,30,0.5,West,0,0,0,0,0,0,0,0,0,10,9,12,29,3,38,18,5,1,9,6,12,7,3,0,0,0,0,0
17750,1065,520,550,25,23,10,8,625,1.7,0,5,10,20,5,45,30,25,145,631,391,45,27,235,0.4,4039,15,205,30,0.5,West,0,631,176,454,283,170,0,479,151,106,85,447,255,170,692,255,85,31,368,137,118,234,330,95,10,53,31,138
21400,3850,1845,2005,55,15,30,8,2360,1.6,0,30,75,90,25,230,120,170,740,2299,407,33,38,780,0.3,4268,105,635,145,0.2,West,0,2299,643,1632,758,873,22,2276,22,385,346,1771,885,462,2810,693,269,77,1368,613,377,1078,770,192,38,77,77,385
30009,3300,1770,1535,30,9,30,9,2095,1.5,0,40,90,75,35,210,90,140,680,2055,386,40,32,630,0.3,5556,95,520,110,0.1,West,0,2055,575,1479,822,657,0,1870,184,297,264,1617,792,330,2475,528,264,33,1361,460,272,858,858,198,33,99,99,429
18633,1115,565,550,5,6,25,21,680,1.6,0,10,10,25,20,70,30,35,200,771,448,41,23,305,0.4,4849,40,240,65,0.2,West,15,755,277,493,316,177,0,678,92,100,89,334,367,211,691,278,100,44,380,176,129,245,256,89,11,33,22,100
21132,4650,2320,2330,70,15,20,4,2890,1.6,0,50,215,120,70,325,155,275,1210,2689,491,22,46,990,0.3,4545,140,810,175,0.1,West,0,2689,860,1828,591,1236,26,2635,53,418,418,2139,1069,604,3348,883,325,93,1676,780,433,1348,744,93,46,139,46,372
27210,2720,1450,1270,40,14,15,5,1445,1.7,0,30,75,60,25,180,85,115,565,1377,462,33,44,480,0.3,5020,65,390,90,0.2,West,13,1363,316,1060,454,605,0,1349,27,272,244,1224,707,244,2040,435,217,27,823,375,245,598,707,217,54,108,81,272
25113,4015,1995,2025,65,16,10,2,2450,1.6,0,50,195,95,45,285,110,210,995,2446,409,38,38,740,0.3,4727,115,595,145,0.1,West,48,2397,587,1834,929,929,0,2030,415,441,361,2047,843,321,3011,642,281,40,1445,637,367,1043,963,200,40,160,120,441
32014,2245,1145,1095,15,8,15,7,1490,1.5,0,25,90,55,30,175,50,125,550,1466,419,22,45,400,0.3,5509,50,320,80,0.1,West,0,1466,469,982,322,659,0,1451,14,179,246,1167,471,179,1751,359,112,22,953,342,178,673,449,67,22,67,44,246
25991,2860,1340,1515,25,9,50,17,1765,1.6,0,20,85,50,10,110,70,60,405,1720,354,75,8,535,0.3,4722,50,450,85,0.1,West,0,1720,292,1427,1290,137,0,1720,0,286,257,858,800,657,1744,629,343,143,1147,300,317,514,1229,400,28,257,143,400
30933,1860,950,910,25,13,10,6,1230,1.5,0,25,60,50,15,110,60,70,395,1222,385,54,24,365,0.3,5748,40,310,55,0.2,West,0,1222,268,953,659,293,0,1148,73,167,148,855,483,186,1376,297,167,18,799,258,172,427,576,130,18,93,55,279
25420,2540,1220,1325,45,17,5,3,1455,1.7,0,20,105,65,60,200,80,100,630,1389,643,4,57,555,0.4,5356,80,450,105,0.2,West,13,1375,541,833,55,791,13,1375,13,304,304,1117,584,254,1803,558,127,25,756,436,261,762,330,25,25,25,25,228
16294,2605,1320,1290,20,9,15,5,1655,1.6,0,20,70,85,45,250,200,235,905,1630,520,55,19,630,0.4,3837,80,510,120,0.2,West,16,1613,423,1206,896,309,0,1483,146,260,260,885,755,468,1745,573,234,52,1059,314,281,625,521,78,26,104,52,260
32957,2305,1130,1175,30,14,10,3,1400,1.7,0,25,65,55,45,180,70,90,535,1348,490,16,45,460,0.3,6823,60,385,75,0.1,West,0,1348,512,835,215,606,13,1348,0,253,253,1083,553,161,1774,368,115,23,812,350,238,645,299,23,23,46,23,184
28485,5695,2785,2905,80,14,20,3,3545,1.6,0,60,180,140,80,470,185,265,1380,3382,463,19,49,1120,0.3,5702,150,925,200,0.1,West,0,3382,1048,2333,642,1657,33,3382,0,569,512,2961,1195,455,4271,1025,341,56,2056,921,567,1765,854,113,56,113,113,512
22240,2225,1045,1180,20,10,10,3,1260,1.7,0,15,60,50,30,175,80,105,520,1224,595,16,44,470,0.4,4624,40,360,110,0.3,West,36,1187,477,746,195,538,0,1199,24,244,244,934,511,289,1557,467,133,44,705,327,226,623,311,22,22,66,22,178
6646,860,465,395,10,12,5,2,500,1.7,0,10,75,30,45,120,35,50,365,506,1066,7,44,275,0.6,2187,25,215,60,0.2,West,40,465,242,263,35,222,5,506,0,86,94,292,240,146,533,232,77,17,280,130,90,301,129,8,8,17,17,86
10111,910,445,465,5,4,10,12,465,1.8,0,10,30,15,30,100,35,50,265,440,790,25,38,230,0.5,2503,40,180,50,0.2,West,52,387,162,277,110,167,0,440,0,109,109,254,245,200,573,218,81,45,251,106,102,245,154,36,18,18,9,72
548,440,240,200,10,30,0,0,240,1.8,0,30,100,90,420,280,55,25,995,177,680,0,71,215,0.9,271,10,150,65,0.6,Zuid,1,175,51,125,0,125,0,1,175,61,17,286,57,17,290,140,13,0,110,81,48,110,127,4,4,4,13,105
0,0,0,0,0,0,0,0,0,1.0,0,0,0,0,0,0,0,0,15,0,0,0,0,5,0.0,0,0,5,0,0.0,Zuid,0,0,0,0,0,0,0,0,0,0,0,0,0,0,0,0,0,0,0,0,0,0,0,0,0,0,0,0
264,120,70,50,0,8,0,8,85,1.4,0,10,25,15,25,90,25,25,210,37,540,5,35,40,0.5,86,0,25,15,0.4,Zuid,5,31,21,15,1,12,0,37,0,16,15,60,18,9,92,21,3,1,68,7,9,31,56,1,0,3,3,48
11036,2430,1330,1095,35,15,5,2,1415,1.7,0,30,125,75,295,300,60,65,950,1389,704,13,65,2495,1.8,11500,40,1065,1425,0.3,Zuid,0,1389,291,1083,180,902,13,0,1389,291,170,1409,413,121,1555,729,121,24,721,424,268,777,801,48,24,72,72,558
3259,945,455,490,5,2,0,0,835,1.1,0,20,50,70,110,180,20,30,475,884,176,0,92,490,0.6,1697,20,125,370,1.1,Zuid,0,884,70,813,0,813,0,0,884,37,434,425,47,9,831,94,18,0,768,41,33,292,292,9,9,28,28,217
21567,2590,1320,1270,35,14,10,3,1600,1.6,0,35,105,55,70,215,80,115,680,1495,539,20,48,590,0.4,5043,75,470,120,0.2,Zuid,29,1465,463,1016,299,717,14,1480,14,259,310,1191,621,207,1942,492,129,25,944,400,256,751,414,51,25,77,25,233
19120,1910,995,915,30,14,5,4,1285,1.5,0,15,85,45,20,135,50,75,425,1296,468,38,39,300,0.2,3018,40,235,60,0.1,Zuid,0,1296,298,997,492,505,0,1257,38,152,210,878,439,229,1375,343,152,38,835,282,154,534,477,95,38,57,38,248
23764,2615,1300,1315,30,11,15,4,1725,1.5,0,25,105,75,45,240,65,145,705,1706,482,23,50,530,0.3,4727,70,450,80,0.1,Zuid,17,1688,443,1245,392,853,17,1671,34,209,261,1307,601,235,1987,418,156,26,1104,396,224,836,470,52,26,52,26,287
32138,2570,1255,1315,30,10,15,5,1740,1.5,0,25,115,65,25,135,70,105,545,1670,408,37,46,435,0.2,5420,60,370,65,0.1,Zuid,0,1670,267,1386,617,768,16,1619,50,205,308,1285,514,257,1978,385,179,25,1131,400,208,693,642,102,25,102,77,334
21500,4945,2495,2450,35,8,25,5,3300,1.5,0,50,385,140,65,360,140,260,1405,3289,437,20,56,870,0.3,3843,115,730,140,0.1,Zuid,0,3289,756,2499,657,1841,32,3223,65,346,642,2472,1038,494,3758,791,296,49,2112,825,363,1434,989,98,49,148,98,593
23855,2625,1210,1415,20,9,30,11,1785,1.5,0,25,65,50,35,165,85,105,525,1790,412,33,44,505,0.3,4698,60,420,80,0.1,Zuid,17,1772,375,1378,590,787,17,1628,161,183,288,1181,551,420,1811,472,236,105,1178,410,196,656,630,131,26,105,52,288
27793,3890,1935,1960,60,15,15,4,2495,1.6,0,40,110,85,40,265,135,140,810,2458,446,28,44,1075,0.4,7896,90,850,225,0.1,Zuid,0,2458,639,1745,688,1081,73,2187,270,350,350,1983,855,350,2917,661,272,38,1497,648,349,1167,778,116,38,155,77,427
19533,2345,1135,1205,25,12,25,12,1425,1.6,0,25,85,60,30,160,75,100,540,1404,427,38,39,440,0.3,3540,45,350,85,0.1,Zuid,0,1404,322,1081,533,547,0,1404,0,211,257,1008,586,281,1735,398,164,46,826,327,256,633,633,164,23,117,46,281
23447,3515,1675,1845,45,13,15,4,2200,1.6,0,25,125,80,40,210,115,100,690,2149,439,22,48,730,0.3,4994,75,590,140,0.1,Zuid,0,2149,644,1504,472,1031,0,2106,42,316,351,1722,738,421,2565,632,246,70,1298,572,330,949,703,140,35,105,70,351
22036,3085,1495,1585,30,10,20,6,1775,1.7,0,35,65,60,25,120,85,80,470,1680,407,65,20,645,0.4,4688,85,515,130,0.3,Zuid,67,1612,252,1428,1092,336,0,1680,0,401,339,1018,802,493,2066,617,308,92,1011,337,426,555,1203,370,30,215,123,462
23200,2785,1310,1475,25,8,20,8,1625,1.7,0,20,65,45,15,115,75,90,420,1626,409,65,21,565,0.3,4825,60,465,100,0.2,Zuid,0,1626,227,1398,1056,341,0,1544,81,278,278,1002,751,473,1810,557,306,83,893,373,357,529,946,250,27,194,139,334
22100,2210,1045,1170,35,14,15,8,1335,1.7,0,25,35,40,10,105,45,75,335,1318,417,78,10,415,0.3,4264,45,345,75,0.3,Zuid,0,1318,158,1159,1028,131,0,1318,0,265,176,751,596,419,1414,442,287,66,801,267,280,419,751,176,22,154,110,287
16483,1980,1030,945,25,12,5,3,1195,1.7,0,5,65,45,35,180,55,90,480,1110,524,22,33,400,0.3,3445,35,305,95,0.3,Oost,11,1098,499,610,244,366,0,987,122,217,198,970,435,158,1465,396,99,19,681,310,203,534,297,39,19,39,19,178
18144,3265,1630,1640,45,14,15,3,1900,1.7,0,20,65,120,50,245,105,160,770,1793,507,24,41,770,0.4,4174,90,625,145,0.3,Oost,17,1775,627,1165,430,735,0,1613,179,391,261,1567,685,391,2318,685,195,32,1026,532,342,783,620,130,32,97,65,293
9629,670,330,345,0,6,0,0,570,1.2,0,0,0,10,0,5,5,5,25,120,353,100,0,45,0.1,677,5,40,10,0.2,Oost,0,120,0,120,120,0,0,120,0,33,435,147,46,6,603,33,33,0,513,22,34,341,261,53,6,20,33,147
17471,3670,1800,1870,45,11,10,4,2345,1.6,0,35,80,80,15,190,130,175,705,2282,399,56,21,655,0.3,3066,95,535,115,0.2,Oost,0,2282,502,1779,1277,479,0,1985,296,293,367,1688,844,477,2605,697,293,73,1477,515,351,807,1247,256,36,256,146,513
500,115,55,55,0,0,0,9,100,1.1,0,0,5,10,10,40,15,25,105,96,265,98,2,30,0.3,131,5,10,20,0.4,Oost,0,96,0,96,94,1,0,96,0,3,5,57,36,11,95,8,10,1,87,7,6,23,23,1,0,8,0,13
23219,3715,1820,1895,45,13,20,6,2080,1.8,0,25,70,95,35,200,150,155,720,2039,460,42,26,770,0.4,4866,75,585,185,0.2,Oost,61,1977,652,1386,856,530,0,2018,20,482,371,1486,928,482,2489,854,260,111,1102,520,457,854,1003,297,37,185,111,371
26058,3125,1580,1545,35,12,25,9,1790,1.7,0,25,80,75,15,140,75,95,500,1796,407,67,13,560,0.3,4603,50,435,125,0.2,Oost,0,1796,377,1418,1203,233,0,1688,107,406,312,1218,781,375,2125,625,312,62,1038,375,393,500,1468,437,31,312,218,468
21205,4240,2015,2220,45,10,50,11,2445,1.7,0,25,140,85,15,175,95,150,685,2416,398,60,16,750,0.3,3814,65,605,145,0.1,Oost,0,2416,579,1836,1449,386,0,2246,169,466,466,1696,975,678,2840,848,424,127,1418,537,489,763,1696,466,42,339,296,508
22035,3750,1850,1890,45,13,25,6,2270,1.6,0,30,95,75,25,185,125,135,670,2103,408,57,21,635,0.3,3645,70,515,120,0.1,Oost,21,2081,462,1640,1198,441,0,2018,84,375,450,1500,975,450,2587,750,337,75,1407,454,408,675,1462,487,37,300,225,412
9355,2060,1025,1035,30,15,25,11,950,1.9,0,10,75,35,20,105,65,65,375,1008,515,47,16,450,0.5,2015,25,365,85,0.3,Oost,131,876,372,635,473,161,0,262,745,329,247,659,494,329,1256,535,185,82,446,218,294,350,618,144,20,164,61,247
22517,4055,1970,2080,50,12,35,8,2285,1.8,0,25,45,70,15,155,100,120,530,2150,382,61,14,755,0.3,4312,80,605,150,0.2,Oost,43,2107,516,1634,1311,301,0,2107,43,446,486,1540,1013,527,2676,851,405,121,1256,525,502,608,1824,648,40,364,283,486
26574,5050,2470,2575,75,15,35,7,2665,1.9,0,45,110,110,25,215,115,160,775,2576,430,55,22,965,0.4,4972,85,765,195,0.1,Oost,51,2524,566,1983,1416,566,0,2421,154,707,606,2020,1161,555,3434,1111,404,101,1385,586,692,858,2121,808,50,353,353,555
23165,3940,2020,1915,55,15,20,5,2340,1.7,0,40,110,95,35,265,120,150,820,2324,393,41,26,705,0.3,4265,70,595,110,0.2,Oost,23,2300,743,1557,952,604,0,1975,348,472,472,1851,827,275,2836,748,275,39,1333,538,468,906,1300,433,39,236,157,433
30433,4565,2215,2350,65,14,15,3,2615,1.7,0,35,125,95,25,250,90,200,820,2417,384,48,24,840,0.3,5754,125,675,165,0.1,Oost,24,2392,676,1740,1160,580,0,2320,96,502,593,2145,958,410,3332,821,319,91,1412,706,496,867,1780,639,45,273,273,502
25094,4015,1980,2035,45,11,25,6,2045,2.0,0,25,60,85,5,110,65,100,455,1964,356,72,9,765,0.4,4852,65,575,195,0.2,Oost,0,1964,373,1590,1414,176,0,1806,157,562,521,1405,963,562,2449,1043,401,120,1042,409,613,521,2449,1043,40,401,441,521
22177,5770,2880,2885,70,13,65,12,3130,1.8,0,50,85,105,10,235,140,140,770,3036,368,59,22,1080,0.3,4205,125,845,235,0.3,Oost,30,3005,576,2459,1791,667,0,2823,212,750,634,2077,1442,923,3577,1384,577,230,1752,657,719,807,2942,1038,57,461,519,807
25271,3535,1750,1785,45,13,30,8,1800,2.0,0,35,40,75,5,110,65,75,405,1722,391,56,23,745,0.4,5394,60,585,160,0.3,Oost,0,1722,378,1343,964,396,0,1567,154,494,459,1272,919,424,2227,919,318,106,882,414,504,494,1979,848,35,247,388,459
4789,430,215,220,0,9,0,2,210,2.0,0,5,10,5,0,30,15,10,70,197,553,36,9,135,0.6,1544,15,100,35,0.8,Oost,0,197,110,86,70,17,0,41,155,51,55,111,154,60,253,133,30,12,86,60,63,90,107,38,4,25,17,25
39,20,5,10,0,0,0,0,10,1.6,0,0,0,0,0,0,0,0,10,5,0,0,0,10,0.0,0,0,5,0,1.3,Oost,0,0,0,0,0,0,0,0,0,0,0,0,0,0,0,0,0,0,6,1,1,0,0,0,0,0,0,0
6139,1415,745,670,25,18,5,2,730,1.9,0,25,65,100,60,235,55,105,645,751,565,46,29,430,0.6,1892,40,340,90,0.9,Oost,0,751,187,563,345,217,0,0,751,183,99,622,396,99,877,410,113,14,277,270,182,382,452,99,14,70,42,226
8941,2410,1210,1205,40,16,10,4,1250,1.9,0,10,50,75,30,170,85,100,520,1221,506,34,26,600,0.5,2250,70,465,135,0.3,Oost,61,1159,488,732,415,317,0,231,989,313,241,867,723,265,1518,650,192,48,525,387,337,506,674,144,24,168,96,265
18135,3085,1540,1540,30,9,10,3,1615,1.9,0,15,50,80,50,255,105,110,665,1572,581,19,48,930,0.6,5508,65,735,200,0.6,Oost,62,1509,503,1068,298,754,0,1336,235,370,277,832,1110,462,1851,894,246,92,710,468,436,617,462,61,30,92,30,246
18385,2390,1240,1145,20,9,10,4,1385,1.7,0,35,55,85,35,245,80,155,695,1324,466,45,7,810,0.6,6386,115,635,170,0.3,Oost,0,1324,635,688,595,92,0,1284,39,239,167,621,932,406,1386,717,239,71,720,373,290,501,430,47,23,119,47,191
17531,2805,1375,1430,15,5,10,2,1170,2.4,0,15,35,70,50,210,95,80,560,1112,582,34,17,780,0.7,5022,95,595,190,0.4,Oost,389,722,544,567,378,189,0,522,589,476,364,701,1093,140,1795,841,168,28,339,315,514,504,420,56,28,112,28,168
23150,2780,1385,1395,35,14,5,1,1190,2.3,0,25,30,65,45,250,80,130,625,1107,633,26,37,765,0.6,6452,110,580,185,0.7,Oost,188,918,420,686,287,409,0,664,442,528,361,750,973,166,1862,722,194,27,380,285,523,500,500,139,27,111,27,194
13036,1435,715,725,15,10,15,8,785,1.8,0,10,15,35,10,70,30,40,210,758,416,59,8,395,0.5,3636,40,340,55,0.5,Oost,0,758,250,507,447,60,0,674,83,157,157,459,473,186,875,358,157,28,400,172,211,287,559,129,14,129,57,215
17040,1705,855,850,25,13,5,4,1020,1.7,0,10,15,45,10,85,40,60,265,1004,389,36,10,520,0.5,5150,50,430,90,0.8,Oost,20,983,542,461,361,100,0,1004,0,153,153,511,613,272,1057,426,187,34,550,275,193,341,494,102,17,136,68,153
850,35,10,20,0,0,0,0,25,1.5,0,20,50,25,5,35,20,10,170,18,0,0,0,50,0.0,0,0,25,25,0.8,Oost,0,0,0,0,0,0,0,0,0,0,0,0,0,0,0,0,0,0,14,8,2,0,0,0,0,0,0,0
3188,545,305,235,30,52,0,2,310,1.7,0,25,35,30,45,75,20,25,260,298,0,27,58,195,0.6,1125,25,130,65,1.1,Oost,0,298,44,253,80,172,0,8,289,70,65,327,76,10,414,109,21,5,158,99,55,119,136,10,5,16,10,98
3220,160,85,75,0,19,0,6,95,1.7,0,10,15,25,15,70,10,30,175,12,0,0,0,75,0.8,1515,10,55,20,0.5,Oost,0,0,0,0,0,0,0,0,0,27,14,56,32,30,100,48,6,3,57,19,17,38,11,0,0,3,0,8
57,20,10,10,0,0,0,0,5,2.5,0,0,0,0,0,0,0,0,5,5,0,0,0,5,0.0,0,0,0,5,2.7,Oost,0,0,0,0,0,0,0,0,0,0,0,0,0,0,0,0,0,0,0,0,0,0,0,0,0,0,0,0
2161,495,205,290,0,2,5,4,450,1.1,0,0,5,10,0,0,0,5,25,453,23,100,0,25,0.1,111,5,25,0,2.0,Oost,0,453,0,453,453,0,0,0,453,4,396,84,4,4,485,9,0,0,414,27,4,158,128,4,19,24,9,69
1524,260,125,135,0,4,0,0,200,1.3,0,10,10,10,0,10,10,25,80,86,0,36,63,70,0.4,424,20,50,20,2.0,Oost,2,83,0,85,30,54,0,0,86,13,132,91,18,5,247,7,2,0,164,28,8,80,13,0,2,2,0,7
63,75,45,30,0,0,0,0,35,2.1,0,5,5,0,5,5,0,10,30,16,0,0,0,45,0.0,0,5,30,15,2.4,Oost,0,0,0,0,0,0,0,0,0,9,11,12,30,12,45,23,5,2,15,8,11,12,2,0,0,0,0,0
14131,4095,2060,2040,70,17,5,1,2265,1.8,0,15,55,70,30,195,90,120,575,2382,0,21,54,905,0.4,3133,80,715,190,2.1,Oost,95,2286,571,1786,500,1286,0,0,2382,696,573,2047,614,204,2989,819,245,40,1155,588,520,859,1392,204,81,286,122,737
154,35,20,15,0,27,0,0,20,1.7,0,0,0,0,0,0,0,0,20,0,0,0,0,0,0.0,0,0,0,0,2.3,Oost,0,0,0,0,0,0,0,0,0,0,0,0,0,0,0,0,0,0,11,5,3,0,0,0,0,0,0,0
11400,1595,800,795,30,19,5,1,700,2.3,0,15,20,45,20,95,40,55,290,669,450,26,32,475,0.7,3263,50,335,135,0.7,Oost,240,428,267,388,173,214,13,0,669,350,207,558,414,63,1036,398,127,15,238,168,294,319,574,191,15,159,47,175
11652,2680,1360,1315,25,8,10,4,940,2.8,0,35,60,60,60,205,90,60,560,932,580,37,7,735,0.8,3262,70,540,195,0.3,Oost,438,493,521,410,344,65,0,0,932,670,455,589,857,107,1768,750,160,26,253,122,554,375,857,214,53,214,53,348
10367,2800,1405,1390,20,6,0,1,1000,2.8,0,15,40,55,60,235,100,50,560,965,756,13,21,920,0.9,3390,70,675,250,0.4,Oost,540,424,636,328,125,202,0,0,965,616,476,532,1036,140,1708,896,168,28,200,210,590,504,616,84,28,168,56,280
16729,2840,1425,1420,30,11,10,4,1390,2.0,0,15,75,60,15,120,100,55,440,1387,397,40,30,745,0.5,4402,80,580,170,0.3,Oost,194,1192,416,970,554,416,0,0,1387,511,340,1107,653,227,1817,766,227,28,625,305,458,596,1164,255,56,227,85,511
18658,5785,2850,2935,90,15,10,2,2360,2.5,0,35,75,145,45,250,160,115,830,2321,463,35,18,1440,0.6,4637,135,1090,350,0.3,Oost,394,1926,1067,1253,812,417,0,0,2321,1330,809,1909,1504,289,3644,1677,404,57,755,448,1156,1041,2429,694,57,520,231,867
867,450,240,210,15,27,0,0,245,1.8,0,5,10,10,10,50,10,15,110,226,477,5,86,140,0.6,266,15,115,25,0.2,West,33,192,20,205,11,194,0,40,185,54,18,306,49,22,355,63,27,4,100,105,41,108,40,0,4,4,0,27
88,60,45,15,0,0,0,17,55,1.1,0,45,110,80,75,150,20,75,555,17,0,0,0,200,0.0,0,10,110,85,0.7,West,0,0,0,0,0,0,0,0,0,0,6,21,31,1,48,4,7,0,50,4,1,21,18,1,1,4,1,9
4945,540,285,260,15,22,5,2,365,1.5,0,25,55,55,10,105,20,45,315,359,0,11,50,165,0.4,1522,15,135,30,0.3,West,3,355,143,215,39,179,0,359,0,32,48,383,43,32,432,81,21,5,229,105,29,167,124,16,5,16,21,64
16771,5705,2745,2960,75,13,20,4,2915,1.9,0,80,115,130,20,220,115,175,860,2738,330,51,22,1125,0.4,3299,100,895,230,0.2,West,82,2655,739,1998,1396,602,0,2573,164,855,912,2224,1255,513,3708,1483,399,114,1457,670,787,969,2966,1141,57,228,912,627
20535,4110,2040,2065,75,19,25,6,2330,1.8,0,40,80,80,25,215,90,135,670,2175,386,36,31,865,0.4,4345,100,705,160,0.2,West,0,2175,717,1457,783,674,0,2175,0,534,369,2013,863,369,2918,780,328,82,1234,605,489,822,1356,493,41,164,205,452
23363,1870,895,970,30,16,5,3,970,1.9,0,15,25,35,10,125,40,60,310,872,453,30,32,400,0.4,4833,40,315,85,0.2,West,0,872,331,540,261,279,0,706,165,317,243,710,448,149,1290,411,130,37,465,232,271,430,617,243,18,74,93,205
22689,4310,2170,2140,60,14,15,3,2505,1.7,0,50,80,85,10,170,115,165,675,2340,329,47,32,865,0.3,4466,75,690,175,0.2,West,0,2340,491,1848,1099,748,0,2340,0,560,431,2025,948,344,3017,862,387,86,1402,601,501,775,1853,689,43,215,258,603
24040,2405,1150,1255,30,12,10,5,1295,1.8,0,20,45,50,5,105,45,70,340,1218,347,46,28,510,0.4,5192,50,400,110,0.2,West,0,1218,328,889,560,341,0,1193,24,360,312,1082,481,192,1683,505,168,48,673,310,310,360,1154,481,24,144,216,288
13603,4080,1930,2155,75,19,20,5,2355,1.7,0,45,95,75,20,225,125,165,755,2159,356,11,42,915,0.4,3088,100,760,155,0.2,West,0,2159,1014,1122,237,906,0,1921,237,448,408,2121,734,326,2937,856,244,81,1201,730,447,938,1101,285,40,122,285,408
25100,1755,840,915,20,12,5,4,990,1.8,0,15,30,25,10,90,40,50,260,923,377,26,44,345,0.3,5223,45,285,60,0.2,West,0,923,276,646,239,406,0,913,9,193,210,842,351,140,1263,351,105,35,514,277,198,368,596,210,17,52,157,175
14393,2015,970,1040,10,7,30,16,1300,1.5,0,25,35,40,10,95,45,60,310,1382,254,47,29,395,0.3,2802,40,300,95,0.3,West,13,1368,331,1050,649,400,0,1174,207,181,282,947,342,261,1370,403,141,80,936,182,182,382,886,302,20,100,201,261
13894,2220,1110,1110,45,20,20,8,1225,1.8,0,10,20,40,10,60,35,35,210,1217,354,51,34,415,0.3,2609,20,325,95,0.7,West,121,1095,182,1034,620,413,0,0,1217,399,466,910,288,155,1576,488,133,44,735,208,281,399,1065,399,44,133,155,333
18800,2260,1145,1115,30,12,25,12,1080,2.1,0,25,35,45,10,60,40,35,255,1076,376,64,11,485,0.4,3955,30,375,110,0.2,West,0,1076,258,817,688,118,0,333,742,339,293,971,429,226,1401,632,158,67,496,259,313,316,1333,610,22,113,384,226
15087,4530,2305,2225,80,17,15,4,1945,2.3,0,45,45,90,10,110,60,80,440,1800,343,67,18,895,0.5,3010,40,665,230,0.4,West,108,1692,270,1530,1206,324,0,990,828,951,588,1857,906,271,2853,1313,317,45,778,466,700,453,3216,1676,45,181,815,543
21275,1705,800,905,30,16,5,4,1140,1.5,0,15,30,40,10,135,50,70,350,1083,373,3,53,360,0.3,4417,40,310,50,0.3,West,0,1083,476,606,32,573,0,1050,32,136,153,1005,255,136,1364,221,85,17,706,296,125,460,221,34,0,34,17,136
26533,3180,1515,1665,55,18,10,3,1780,1.8,0,35,90,70,30,205,85,160,670,1603,456,13,55,635,0.4,5139,65,540,95,0.1,West,0,1603,512,1090,208,881,0,1603,0,413,381,1494,572,286,2321,604,159,63,907,498,373,763,604,127,31,95,95,286
26871,1885,965,915,30,14,10,4,1080,1.7,0,20,50,45,10,120,55,70,375,1008,410,39,42,395,0.4,5571,55,325,70,0.3,West,0,1008,191,816,393,423,0,977,30,226,207,848,433,169,1338,377,131,37,583,280,216,414,565,150,18,94,75,245
28271,1980,965,1010,40,19,10,5,1195,1.7,0,25,40,40,10,110,50,75,355,1124,362,44,38,450,0.4,6362,50,380,70,0.2,West,0,1124,202,921,494,427,0,1124,0,237,178,950,435,178,1445,336,178,39,669,298,227,435,653,198,19,99,118,217
27975,2240,1055,1180,35,14,10,4,1335,1.7,0,20,65,35,5,70,45,80,320,1319,350,53,25,430,0.3,5499,40,360,70,0.1,West,0,1319,290,1028,699,329,0,1319,0,246,268,963,560,201,1568,403,201,44,774,307,253,358,1008,291,22,156,246,268
33975,1360,665,695,10,10,15,9,810,1.7,0,20,15,20,5,65,30,35,190,776,351,49,22,280,0.3,6589,35,240,40,0.1,West,0,776,225,550,380,170,0,776,0,149,122,639,272,163,924,258,136,40,453,210,137,244,503,163,13,81,81,176
26700,2670,1870,800,45,17,15,4,0,1.0,0,10,10,20,5,25,5,20,95,1,0,0,0,220,0.0,0,30,155,65,0.3,West,0,0,0,0,0,0,0,0,0,347,373,1174,747,26,2082,160,427,0,0,0,0,267,2002,534,133,507,106,720
25358,3045,1500,1545,40,14,15,5,1725,1.8,0,40,110,65,15,150,100,120,595,1671,361,32,46,600,0.3,5150,75,490,115,0.1,West,0,1671,350,1320,534,768,0,1570,100,365,365,1431,639,243,2161,548,274,60,914,465,345,517,1218,334,30,152,334,334
24979,3495,1790,1710,60,18,20,6,2020,1.7,0,55,85,65,10,135,90,120,555,1943,364,56,29,710,0.4,4911,70,585,125,0.1,West,0,1943,291,1651,1088,563,0,1943,0,454,349,1537,838,349,2376,768,314,69,1131,444,444,594,1467,524,34,174,244,489
32217,1935,940,990,40,20,5,4,1155,1.7,0,25,40,40,15,105,50,75,350,1116,373,33,36,435,0.4,7156,60,365,70,0.2,West,0,1116,334,770,368,401,0,1116,0,212,193,909,445,154,1393,348,174,19,635,311,219,425,522,154,19,77,77,193
23425,1875,905,970,25,13,45,23,1110,1.6,0,20,40,40,5,105,55,60,320,1060,362,22,51,390,0.4,5085,40,340,50,0.2,West,0,1060,275,784,233,540,0,1060,0,168,187,900,375,243,1312,337,150,75,654,288,166,450,487,112,18,93,75,187
23713,3795,1805,1985,65,18,20,5,2155,1.8,0,30,90,75,40,240,130,135,735,1972,459,16,48,820,0.4,5260,95,675,145,0.2,West,19,1952,709,1262,315,946,0,1972,0,493,341,1935,683,303,2770,721,227,75,1099,603,452,986,796,189,37,113,113,379
19013,3045,1420,1625,60,20,10,4,1750,1.7,0,30,50,45,20,170,85,110,510,1660,426,18,56,710,0.4,4370,80,590,120,0.2,West,16,1643,431,1228,298,929,0,1660,0,365,274,1461,609,304,2192,578,213,60,875,542,332,669,578,91,30,91,91,274
19450,1555,695,860,20,12,5,4,915,1.7,0,15,30,30,30,145,40,90,380,831,490,11,52,395,0.4,4716,45,335,60,0.2,Zuid,66,764,307,523,91,432,0,814,16,202,155,699,311,202,1104,342,77,31,530,201,183,373,186,15,15,31,15,124
22506,3600,1675,1930,75,21,20,5,2100,1.7,0,30,75,75,40,265,135,110,735,2036,434,16,51,900,0.4,5660,95,750,150,0.2,Zuid,0,2036,692,1343,325,1038,0,2015,20,432,324,1692,792,360,2592,684,252,72,1092,588,420,864,576,72,36,108,72,324
25240,2525,1155,1370,60,23,10,3,1480,1.7,0,20,50,45,25,165,65,85,450,1463,410,8,49,650,0.4,6641,75,560,90,0.3,Zuid,0,1463,629,833,117,716,0,1463,0,277,202,1338,479,202,1843,505,151,25,740,488,251,631,429,50,25,50,25,277
19673,2165,1025,1135,35,16,10,4,1300,1.7,0,25,45,25,20,135,65,80,395,1264,453,17,46,635,0.5,5622,45,515,120,0.3,Zuid,25,1238,467,796,214,581,0,1251,12,216,194,995,541,216,1558,411,151,43,689,364,247,541,324,64,21,64,21,151
23900,1675,770,905,30,16,10,5,975,1.7,0,15,55,20,30,100,55,65,340,939,476,8,59,430,0.4,6177,40,380,50,0.1,Zuid,28,910,309,629,75,554,0,901,37,217,150,720,402,184,1189,335,117,33,516,253,195,418,217,16,16,33,16,134
791,260,145,120,0,0,0,4,195,1.3,0,50,60,65,65,135,15,50,445,7,0,0,0,250,1.3,774,15,160,90,0.4,Zuid,0,0,0,0,0,0,0,0,0,7,98,80,52,20,205,41,7,5,165,11,17,117,33,0,0,0,5,28
24310,2430,1175,1255,35,13,10,3,1550,1.6,0,35,90,60,40,190,75,90,580,1465,451,22,46,565,0.4,5636,60,470,90,0.1,Zuid,14,1450,454,996,322,673,14,1377,87,218,291,1190,534,194,1798,413,170,24,930,418,201,704,388,48,24,48,24,243
8179,1555,730,825,15,8,5,3,985,1.6,0,10,50,30,20,70,40,50,270,946,419,49,35,340,0.3,1796,30,280,65,0.2,Zuid,18,927,141,804,463,331,0,841,104,155,171,637,357,233,1088,248,171,46,620,197,167,373,404,62,15,93,31,186
12955,1425,710,710,10,6,10,5,640,2.2,0,15,35,20,155,200,70,40,535,667,1144,1,41,540,0.9,4706,40,425,115,0.2,Zuid,20,646,386,280,6,273,0,667,0,285,185,313,456,185,783,513,99,28,256,134,249,541,142,0,0,14,14,99
18429,2580,1250,1335,25,10,10,4,1245,2.1,0,15,80,40,65,205,80,70,560,1243,820,13,42,740,0.6,5444,45,615,125,0.2,Zuid,24,1218,546,683,161,522,12,1243,0,464,258,825,670,361,1573,774,154,51,535,323,385,799,412,51,0,51,51,258
8226,1565,775,790,15,10,5,3,790,2.0,0,20,80,40,240,310,100,65,855,771,1234,6,46,655,0.8,3489,25,480,175,0.2,Zuid,100,670,377,393,46,354,0,771,0,219,219,453,453,203,923,500,93,31,379,205,213,500,172,0,0,15,15,125
0,0,0,0,0,0,0,0,0,0.0,0,0,0,0,0,0,0,0,0,0,0,0,0,0,0.0,0,0,0,0,0.0,Zuid,0,0,0,0,0,0,0,0,0,0,0,0,0,0,0,0,0,0,0,0,0,0,0,0,0,0,0,0
10027,1505,745,760,15,10,10,6,780,1.9,0,10,45,40,120,165,40,90,505,764,1029,3,47,470,0.6,3050,25,380,90,0.2,Zuid,22,741,374,382,22,359,7,695,68,225,150,451,406,255,872,481,90,45,382,202,202,526,180,0,15,15,0,135
7145,785,400,390,5,10,5,6,450,1.7,0,15,145,20,105,150,35,45,520,492,1071,1,67,270,0.6,2450,30,215,60,0.2,Zuid,34,457,152,329,4,329,9,487,4,86,70,274,211,133,471,259,47,15,247,126,76,298,109,7,7,7,15,78
14085,1830,930,900,25,13,10,6,965,1.9,0,15,105,30,150,185,70,80,640,1016,1168,6,39,605,0.6,4598,35,470,140,0.2,Zuid,101,914,548,457,60,396,10,995,20,292,201,512,512,311,1061,603,109,54,511,212,241,585,201,18,18,18,36,128
15121,2870,1420,1450,25,9,10,3,1430,2.0,0,20,125,50,165,305,115,90,865,1480,1267,3,43,1030,0.7,5293,60,820,210,0.1,Zuid,118,1361,799,680,44,636,14,1480,0,487,344,774,832,430,1607,1061,143,57,657,371,400,975,287,0,0,28,28,229
7870,785,375,410,0,3,0,3,375,2.1,0,5,10,15,85,120,45,35,320,345,1583,2,43,305,0.8,2964,15,240,65,0.3,Zuid,106,238,189,155,6,148,0,341,3,109,109,133,227,204,392,306,62,31,161,101,108,204,54,0,7,15,0,39
16733,2005,965,1045,20,9,10,4,1065,1.9,0,20,45,30,85,185,75,80,515,1026,868,7,56,605,0.6,4874,35,460,145,0.2,Zuid,10,1015,379,646,71,574,10,1026,0,300,200,681,461,360,1182,641,100,80,511,298,255,641,220,20,20,20,20,160
13700,1370,635,735,5,4,10,8,865,1.6,0,10,35,20,15,85,45,55,265,883,550,0,100,465,0.5,4762,20,400,65,0.2,Zuid,8,874,0,883,0,883,0,883,0,109,82,246,287,643,575,520,164,109,527,224,112,246,109,0,0,27,0,68
0,5,10,5,0,0,0,0,5,1.6,0,0,0,0,0,0,0,0,15,5,0,0,0,5,0.0,0,0,5,0,0.0,Zuid,0,0,0,0,0,0,0,0,0,0,0,0,0,0,0,0,0,0,0,0,0,0,0,0,0,0,0,0
0,5,0,0,0,0,0,0,5,2.5,0,0,0,0,0,0,0,0,5,3,0,0,0,0,0.0,0,0,0,0,0.0,Zuid,0,0,0,0,0,0,0,0,0,0,0,0,0,0,0,0,0,0,0,0,0,0,0,0,0,0,0,0
22683,1360,660,700,20,13,10,4,845,1.6,0,15,45,25,35,140,85,65,410,868,527,11,58,330,0.4,5642,25,275,55,0.1,Zuid,0,868,269,598,95,503,0,868,0,136,136,680,299,108,992,258,81,13,490,219,135,435,190,13,13,13,13,136
22200,1110,535,575,5,8,15,12,680,1.6,0,10,15,20,5,55,25,20,145,649,419,91,4,275,0.4,5081,30,235,40,0.3,Zuid,0,649,32,616,590,25,0,649,0,99,99,388,277,233,699,222,155,33,408,149,115,188,355,111,11,77,55,88
9807,1470,695,775,10,10,10,7,880,1.7,0,10,30,25,10,60,80,40,255,876,439,73,14,390,0.4,2613,40,340,50,0.1,Zuid,8,867,113,762,639,122,0,876,0,161,161,441,426,279,940,294,191,44,510,167,202,279,396,73,14,73,44,191
19925,2395,1135,1255,20,8,20,9,1535,1.6,0,10,45,25,20,85,85,65,340,1523,368,77,9,555,0.4,4708,50,475,85,0.2,Zuid,0,1523,213,1309,1172,137,0,1523,0,215,215,910,670,407,1580,431,311,71,982,276,276,455,838,191,47,191,71,335
11152,2340,1125,1220,30,13,15,6,1160,2.0,0,20,75,55,70,200,80,65,565,1198,621,26,65,650,0.6,3100,45,480,165,0.3,Zuid,0,1198,107,1090,311,778,0,131,1066,444,163,865,514,351,1380,702,187,70,487,278,394,702,561,117,23,93,70,280
1639,375,180,195,5,5,5,3,165,2.3,0,30,15,15,25,40,40,20,185,3,0,0,0,150,0.9,653,20,105,45,1.1,Zuid,0,0,0,0,0,0,0,0,0,78,48,60,138,48,232,108,26,7,56,34,74,56,15,0,0,0,0,11
20875,4175,1940,2230,70,16,25,6,2375,1.8,0,30,110,85,55,250,140,115,785,2320,487,16,57,1115,0.5,5594,85,955,160,0.2,Zuid,23,2296,626,1693,371,1322,0,2320,0,542,375,1878,835,501,2839,918,334,125,1187,665,522,1085,668,83,41,83,83,375
4258,805,390,420,10,9,5,5,330,2.5,0,5,10,10,65,90,40,35,255,330,2113,0,34,395,1.2,2042,5,300,95,0.4,Zuid,204,125,217,112,0,112,0,326,3,169,104,161,241,128,426,313,32,32,118,79,132,209,72,0,0,16,0,56
8100,1215,580,635,20,15,5,7,560,2.2,0,10,60,15,85,105,50,35,360,561,1361,11,40,490,0.9,3365,25,365,125,0.2,Zuid,179,381,274,286,61,224,0,561,0,218,157,267,352,230,619,449,97,48,240,123,196,364,133,0,0,12,12,97
840,85,40,45,0,0,0,0,30,2.7,0,5,10,0,45,35,10,5,110,33,0,0,45,85,0.0,0,5,60,25,0.3,Zuid,29,3,18,14,0,14,0,32,0,20,12,5,36,10,42,32,9,0,6,6,16,12,3,0,0,0,0,0
9779,1370,670,695,15,12,5,3,600,2.3,0,20,40,10,130,155,45,30,425,614,1212,0,40,500,0.8,3483,20,385,115,0.3,Zuid,55,558,368,245,0,245,0,614,0,287,137,287,411,246,698,520,95,41,222,138,240,452,164,0,0,13,27,109
15933,2390,1125,1260,25,10,10,5,1110,2.2,0,15,55,35,85,205,75,60,525,1111,1045,0,45,890,0.8,5905,20,715,175,0.3,Zuid,77,1033,599,499,0,499,0,1111,0,454,286,573,645,430,1242,884,167,95,455,255,388,812,286,0,23,23,23,215
17553,2630,1270,1360,45,17,20,7,1305,2.0,0,30,40,40,100,230,95,55,590,1261,862,0,53,955,0.7,6199,40,790,170,0.3,Zuid,50,1210,592,668,0,668,0,1261,0,473,210,789,657,499,1446,894,184,78,574,339,391,867,289,0,26,26,26,210
0,0,0,0,0,0,0,0,0,0.0,0,0,0,0,0,0,0,0,0,0,0,0,0,0,0.0,0,0,0,0,0.0,Oost,0,0,0,0,0,0,0,0,0,0,0,0,0,0,0,0,0,0,0,0,0,0,0,0,0,0,0,0
0,0,0,0,0,0,0,0,0,0.0,0,0,0,0,0,0,0,0,0,0,0,0,0,0,0.0,0,0,0,0,0.0,Oost,0,0,0,0,0,0,0,0,0,0,0,0,0,0,0,0,0,0,0,0,0,0,0,0,0,0,0,0
0,0,0,0,0,0,0,0,0,0.0,0,0,0,0,0,0,0,0,0,0,0,0,0,0,0.0,0,0,0,0,0.0,Oost,0,0,0,0,0,0,0,0,0,0,0,0,0,0,0,0,0,0,0,0,0,0,0,0,0,0,0,0
0,0,0,0,0,0,0,0,0,0.0,0,0,0,0,0,0,0,0,0,0,0,0,0,0,0.0,0,0,0,0,0.0,Oost,0,0,0,0,0,0,0,0,0,0,0,0,0,0,0,0,0,0,0,0,0,0,0,0,0,0,0,0
263,70,35,35,10,141,0,0,25,3.1,0,0,0,0,0,0,0,0,10,9,0,0,0,15,0.0,0,5,10,5,0.7,Oost,0,0,0,0,0,0,0,0,0,25,4,23,16,0,46,21,2,0,5,3,16,9,16,0,0,2,0,12
3430,345,165,175,0,3,0,0,100,3.5,0,0,5,10,15,35,10,5,80,90,1414,0,3,125,1.3,1213,10,65,60,1.2,Oost,89,0,87,2,0,2,0,0,90,117,44,48,131,3,220,117,10,0,9,12,78,55,37,0,0,3,3,27
13707,6030,2970,3060,75,12,10,2,2205,2.7,0,35,70,115,60,310,150,105,850,2186,540,39,11,1560,0.7,3511,120,1110,455,0.5,Oost,721,1464,1093,1093,852,240,0,0,2186,1809,723,1748,1567,180,3919,1688,361,60,639,308,1256,1085,2170,603,60,422,241,844
16191,1780,830,945,25,13,10,4,830,2.1,0,15,50,50,30,85,40,35,315,821,393,44,33,515,0.6,4510,45,375,140,0.2,Oost,82,738,197,623,361,270,0,0,821,373,213,676,391,124,1139,445,160,35,356,166,307,284,979,267,35,231,124,320
21036,2945,1355,1590,45,15,15,4,1590,1.9,0,15,60,60,60,210,90,80,565,1478,638,12,56,810,0.5,5793,70,665,145,0.2,Zuid,44,1433,472,1005,177,827,0,1478,0,412,265,1148,677,412,1914,736,206,58,747,429,413,765,323,29,29,29,29,206
17140,4285,2025,2260,70,16,25,6,2405,1.8,0,30,145,65,75,255,145,150,855,2238,561,19,53,1095,0.5,4358,90,895,200,0.1,Zuid,0,2238,626,1611,425,1186,0,2238,0,599,428,1671,899,642,2828,985,342,128,1250,601,577,985,557,85,0,85,42,299
19350,3095,1420,1675,50,17,15,4,1665,1.9,0,15,80,45,35,170,90,90,525,1557,597,11,54,840,0.5,5243,90,700,140,0.1,Zuid,0,1557,560,996,171,840,0,1557,0,464,278,1299,588,464,2042,742,216,61,799,482,382,773,340,30,30,61,30,185
16629,2330,1055,1270,35,14,10,4,1305,1.8,0,20,55,40,40,150,85,75,465,1181,523,13,55,580,0.4,4126,55,475,105,0.2,Zuid,0,1181,389,791,153,649,0,1181,0,302,256,1001,466,279,1607,512,163,46,665,352,287,535,326,46,23,46,23,186
11515,1495,725,770,15,11,60,41,875,1.6,0,5,25,20,5,70,45,35,210,974,417,36,55,390,0.4,2972,20,345,45,0.4,Zuid,87,886,87,886,350,535,0,788,185,179,89,523,328,388,926,254,194,119,568,148,148,269,269,59,14,74,14,104
4024,685,350,335,20,29,5,12,350,1.9,0,0,15,10,15,35,20,20,120,426,0,4,75,160,0.5,962,15,130,30,0.5,Zuid,0,426,89,336,17,319,0,0,426,89,34,424,82,61,445,191,34,13,126,154,70,212,123,6,6,0,20,82
19592,2350,1130,1220,30,12,15,7,1495,1.6,0,25,75,35,20,140,70,95,465,1471,412,43,41,585,0.4,4739,40,505,80,0.1,Zuid,0,1471,235,1235,632,603,0,1471,0,235,211,1010,540,376,1645,423,235,47,897,358,239,470,493,70,23,117,23,235
22100,2870,1370,1505,35,11,10,3,1730,1.7,0,30,60,45,20,155,70,80,455,1543,440,44,39,640,0.4,4818,80,535,105,0.2,Zuid,0,1543,246,1296,678,601,0,1373,169,315,373,1234,602,373,2009,516,258,86,986,415,328,602,660,172,28,114,86,258
14624,2485,1175,1315,20,9,10,4,1580,1.6,0,25,60,40,15,145,85,70,430,1453,413,48,35,530,0.3,3189,55,450,80,0.3,Zuid,0,1453,247,1205,697,508,0,1423,29,223,273,1043,571,372,1789,397,248,74,948,379,252,497,571,99,24,99,49,298
14132,2685,1260,1425,40,16,5,3,1645,1.6,0,20,55,40,30,155,85,65,450,1513,424,18,53,695,0.4,3622,75,600,95,0.2,Zuid,0,1513,438,1074,272,801,0,1497,15,268,349,1181,563,322,1906,483,214,53,937,427,296,510,402,53,26,80,26,214
8435,2195,1010,1185,30,14,10,4,1325,1.7,0,20,55,35,40,145,45,100,435,1242,444,12,67,615,0.5,2372,65,525,85,0.3,Zuid,24,1217,248,993,149,832,0,1242,0,219,219,1031,439,285,1602,395,153,43,715,397,212,439,307,43,0,65,21,153
20925,1675,810,865,15,11,15,9,1075,1.6,0,10,20,20,10,50,40,30,175,1073,383,83,6,355,0.3,4472,25,310,45,0.3,Zuid,0,1073,107,965,890,64,0,1030,42,184,134,502,485,351,1072,284,268,50,709,150,204,268,619,150,16,134,33,268
170,45,25,20,0,0,0,0,25,1.8,0,0,0,0,0,0,0,0,10,15,0,0,0,25,0.0,0,10,20,10,1.5,Zuid,0,0,0,0,0,0,0,0,0,0,0,0,0,0,0,0,0,0,13,7,5,0,0,0,0,0,0,0
15367,2765,1460,1305,45,15,10,3,1760,1.3,0,15,30,60,25,95,35,40,310,1367,273,36,63,290,0.2,1643,45,215,75,0.3,Oost,13,1353,13,1353,492,861,0,724,642,221,691,1493,276,55,2377,221,138,0,1390,264,105,635,1023,165,55,193,55,580
5744,1035,525,505,15,17,5,3,600,1.7,0,15,45,40,120,65,30,20,330,610,436,14,73,255,0.4,1370,20,205,50,0.4,Oost,103,506,79,530,85,445,0,420,189,93,51,579,175,134,724,227,62,20,282,234,84,269,175,10,0,31,20,113
13175,2105,1060,1045,25,13,10,4,1055,2.0,0,20,45,30,25,130,80,95,425,1000,529,30,29,595,0.6,3781,40,440,150,0.2,Oost,140,860,410,590,300,290,0,990,10,336,231,736,526,294,1389,526,126,42,495,253,316,421,399,147,21,63,21,168
52,15,5,5,0,77,0,0,10,1.6,0,0,0,0,0,0,0,0,15,8,0,0,0,0,0.0,0,0,0,0,0.2,Oost,0,0,0,0,0,0,0,0,0,0,0,0,0,0,0,0,0,0,0,0,0,0,0,0,0,0,0,0
7582,835,365,475,15,18,5,7,490,1.7,0,10,10,15,0,15,15,10,80,486,299,100,0,220,0.4,2020,20,185,35,0.1,Oost,58,427,0,486,486,0,0,486,0,125,83,192,242,200,484,167,133,50,269,78,142,100,367,91,16,91,33,133
6493,1820,855,960,20,10,50,28,890,1.9,0,20,15,35,10,75,50,35,245,885,435,50,13,490,0.6,1777,60,405,85,0.2,Oost,380,504,318,557,442,115,0,885,0,273,200,382,546,418,1019,509,163,109,436,186,258,236,364,72,18,91,36,145
7608,2740,1395,1345,35,13,45,18,1575,1.6,0,30,35,45,20,125,65,65,385,1525,383,61,25,700,0.4,1944,85,580,120,0.5,Oost,198,1326,198,1326,930,381,0,1204,320,383,164,931,685,548,1644,630,356,109,1008,252,315,438,767,191,27,191,54,301
8300,580,295,280,10,12,0,5,305,1.9,0,5,15,20,10,35,10,15,110,272,321,99,0,110,0.4,1472,10,85,25,0.7,Oost,0,272,2,269,269,0,0,272,0,87,87,191,139,75,382,133,52,11,161,57,85,87,330,127,11,63,23,104
15541,2640,1305,1340,25,10,10,4,1325,2.0,0,20,80,50,70,235,105,90,650,1285,653,18,37,785,0.6,4567,75,620,165,0.2,Oost,77,1207,565,719,231,475,0,1285,0,448,290,871,660,369,1716,712,158,52,609,331,384,554,264,26,26,52,26,132
15200,2890,1355,1535,35,13,15,5,1295,2.2,0,30,30,55,40,190,100,90,535,1200,663,19,37,805,0.6,4328,75,675,130,0.3,Oost,60,1140,528,672,228,444,0,1200,0,549,346,780,809,404,1734,924,173,86,479,323,492,520,317,86,0,57,28,144
12458,4985,2370,2615,90,18,30,6,2420,2.1,0,35,90,95,50,295,165,160,885,2312,523,8,47,1420,0.6,3587,100,1180,240,0.3,Oost,92,2219,1040,1271,184,1086,0,2312,0,947,598,1595,1246,598,3190,1296,348,149,1016,605,798,997,548,99,49,99,0,299
1419,295,135,165,5,17,5,13,185,1.6,0,0,0,0,0,10,20,10,40,189,520,40,4,115,0.6,549,5,100,15,0.4,Oost,3,185,105,83,75,7,0,189,0,26,8,50,67,141,118,91,35,53,105,49,29,47,11,0,0,5,0,2
1042,250,170,85,0,0,0,0,240,1.0,0,0,5,5,0,5,5,10,25,251,75,100,0,10,0.0,46,5,10,0,0.9,Oost,0,251,0,251,251,0,0,0,251,2,155,90,2,0,235,12,2,0,232,4,2,17,172,15,2,15,2,137
6023,1565,750,815,10,8,10,5,710,2.2,0,5,10,20,15,75,40,25,185,699,575,27,9,475,0.7,1830,30,380,95,0.7,Oost,209,489,447,251,188,62,0,0,699,203,203,313,594,266,829,579,109,46,248,213,248,250,391,93,15,109,31,140
0,0,0,0,0,0,0,0,0,0.0,0,0,0,0,0,0,0,0,5,0,0,0,0,0,0.0,0,0,0,0,0.0,Oost,0,0,0,0,0,0,0,0,0,0,0,0,0,0,0,0,0,0,0,0,0,0,0,0,0,0,0,0
6400,2625,1215,1410,25,8,0,1,1935,1.4,0,10,40,60,15,100,45,45,315,1847,287,73,13,330,0.2,812,35,260,70,0.8,Oost,0,1847,258,1588,1348,240,0,0,1847,157,1181,971,262,52,2231,341,52,0,1451,328,135,971,577,26,26,78,52,393
407,285,160,120,5,7,0,7,265,1.1,0,5,15,30,10,40,10,15,125,243,122,99,1,45,0.2,62,0,30,15,1.9,Oost,2,240,0,243,240,2,0,2,240,5,139,116,11,8,262,17,5,2,249,7,7,34,162,5,0,11,2,145
7116,3130,1460,1675,40,13,35,11,1870,1.7,0,25,45,40,15,100,60,55,340,1954,360,73,10,980,0.5,2236,100,860,120,0.2,Oost,605,1348,332,1621,1426,195,0,1954,0,406,250,845,876,751,1784,751,438,156,1065,392,411,406,813,187,31,219,62,313
0,5,5,5,0,0,0,0,0,2.0,0,0,0,0,0,0,0,0,0,3,0,0,0,5,0.0,0,0,5,0,0.0,Oost,0,0,0,0,0,0,0,0,0,0,0,0,0,0,0,0,0,0,0,0,0,0,0,0,0,0,0,0
0,0,0,0,0,0,0,0,0,0.0,0,0,0,0,0,0,0,0,10,0,0,0,0,0,0.0,0,0,0,0,0.0,Oost,0,0,0,0,0,0,0,0,0,0,0,0,0,0,0,0,0,0,0,0,0,0,0,0,0,0,0,0
1861,855,470,385,15,18,0,0,460,1.6,0,25,60,75,65,100,30,40,390,1129,0,0,95,265,0.6,578,45,165,100,2.0,Oost,11,1117,56,1072,0,1072,0,33,1095,59,102,564,102,25,701,128,25,8,253,151,55,213,196,17,17,34,17,111
182,80,40,40,0,0,5,12,40,2.2,0,5,0,0,0,5,5,5,25,1,0,0,0,50,0.0,0,5,35,20,1.2,Oost,0,0,0,0,0,0,0,0,0,12,7,16,28,16,52,19,4,3,15,12,12,16,4,0,0,0,0,0
43,50,30,15,0,0,0,0,10,2.9,0,0,0,0,0,0,0,0,10,5,0,0,0,0,0.0,0,0,0,0,2.6,Oost,0,0,0,0,0,0,0,0,0,0,0,0,0,0,0,0,0,0,0,0,0,0,0,0,0,0,0,0
9436,2640,1345,1295,40,14,5,1,1725,1.5,0,15,50,55,25,160,65,75,445,1746,388,6,73,820,0.5,2905,70,480,340,0.3,Oost,17,1728,366,1379,104,1274,0,0,1746,264,369,1636,316,52,2164,369,105,0,1104,414,207,554,448,52,26,79,26,264
5967,715,370,345,10,17,10,13,420,1.7,0,5,15,25,50,85,20,10,210,412,591,0,56,215,0.5,1875,20,170,50,0.9,Oost,0,412,181,230,0,230,0,387,24,64,42,300,164,135,414,228,50,28,201,155,63,257,150,0,0,7,21,121
126,30,15,15,0,0,0,34,20,1.5,0,15,25,40,20,45,5,20,175,3,0,0,0,55,0.0,0,5,35,20,0.9,Oost,0,0,0,0,0,0,0,0,0,0,0,0,0,0,0,0,0,0,12,5,2,0,0,0,0,0,0,0
4186,880,465,420,10,8,0,1,710,1.2,0,5,15,20,5,65,20,15,145,711,230,0,100,100,0.1,463,20,85,10,0.2,Oost,0,711,0,711,0,711,0,191,519,8,255,580,26,17,827,44,8,0,560,142,7,255,202,8,8,26,26,140
5750,1380,645,740,5,5,5,5,650,2.1,0,15,25,10,55,100,35,30,275,693,913,0,27,595,0.9,2426,20,425,170,0.6,Zuid,228,464,505,187,0,187,6,693,0,276,124,331,345,303,703,524,82,69,286,162,201,427,207,13,13,13,27,151
0,0,0,0,0,0,0,0,0,0.0,0,0,0,0,0,0,0,0,0,0,0,0,0,0,0.0,0,0,0,0,0.0,Zuid,0,0,0,0,0,0,0,0,0,0,0,0,0,0,0,0,0,0,0,0,0,0,0,0,0,0,0,0
9429,4620,2295,2325,65,14,25,5,2465,1.9,0,75,135,105,10,185,105,180,800,2470,270,83,8,1145,0.5,2335,95,910,235,0.2,Noord,345,2124,222,2247,2050,197,0,2420,49,739,554,1617,1247,415,3049,924,508,92,1331,394,739,600,2263,739,92,323,277,831
6711,2415,1170,1245,30,12,15,7,1215,2.0,0,25,50,40,10,85,55,75,345,1189,329,79,13,635,0.5,1772,35,530,105,0.2,Noord,202,986,95,1093,939,154,0,1189,0,458,241,700,627,362,1473,579,265,96,583,206,425,289,990,217,48,193,96,410
6880,2410,1200,1210,30,13,25,10,1240,1.9,0,30,25,45,5,95,40,70,305,1220,308,68,5,815,0.7,2361,70,720,100,0.2,Noord,646,573,329,878,829,61,0,1220,0,361,168,747,698,433,1301,723,265,120,545,285,409,313,650,96,24,144,72,313
12150,2430,1270,1155,20,9,25,10,1435,1.7,0,20,35,45,5,80,40,60,285,1426,317,72,9,670,0.5,3299,55,570,95,0.3,Noord,0,1426,285,1140,1026,128,0,1426,0,291,218,777,753,388,1506,558,291,97,861,287,287,364,1093,315,24,194,145,413
13284,4250,2115,2135,65,15,25,6,2175,1.9,0,50,60,100,10,155,95,155,620,2028,330,61,20,1050,0.5,3270,75,850,200,0.2,Noord,60,1967,385,1642,1237,405,0,1906,121,680,510,1487,1062,510,2762,935,425,127,1109,413,630,680,1997,637,85,382,170,680
4403,1275,630,650,30,22,10,7,710,1.8,0,30,20,25,5,50,25,60,220,658,309,76,5,325,0.5,1129,45,270,55,0.2,Noord,250,407,125,532,500,32,0,658,0,204,114,497,318,140,854,267,127,38,383,127,198,191,446,127,12,89,25,191
484,180,95,85,5,6,0,0,70,2.5,0,10,15,15,15,35,15,15,115,40,555,0,57,85,1.2,227,10,65,20,0.9,Noord,8,31,16,22,0,22,0,2,38,32,27,32,75,12,108,54,14,3,25,13,31,36,12,0,1,1,0,9
9482,1045,475,565,10,8,5,6,535,1.9,0,15,15,10,0,30,25,25,120,538,316,75,2,405,0.8,3614,35,355,50,0.4,Noord,419,118,123,414,403,10,0,538,0,135,83,229,292,303,459,397,104,83,214,165,155,135,177,52,0,41,20,73
7634,2445,1115,1325,30,13,20,8,1290,1.9,0,30,45,45,10,75,60,70,335,1304,333,80,2,855,0.7,2685,110,755,100,0.3,Noord,1238,65,247,1056,1043,26,0,1304,0,415,195,562,757,513,1320,660,317,146,619,258,412,268,342,48,24,73,24,171
11153,1895,915,985,25,15,25,14,930,2.0,0,35,15,20,5,45,20,30,175,912,318,80,2,650,0.7,3868,65,580,75,0.3,Noord,793,118,173,738,729,18,0,912,0,284,189,511,549,360,1042,549,189,113,390,213,325,227,416,94,18,94,37,189
7200,145,70,75,5,14,0,0,60,2.6,0,0,5,5,0,20,5,5,40,59,723,0,5,50,0.9,2215,5,35,15,0.5,Noord,48,10,56,2,0,2,0,47,11,31,17,24,40,31,87,47,5,4,16,15,28,21,2,0,0,0,0,0
3933,115,60,60,5,25,0,0,50,2.3,0,0,5,0,10,15,0,5,35,53,867,0,9,55,1.1,2178,10,40,15,0.7,Noord,47,5,48,4,0,4,0,50,2,13,9,20,36,34,57,48,4,3,10,22,17,11,9,6,0,0,0,3
10370,1040,515,525,10,12,5,4,410,2.5,0,10,15,25,25,85,40,40,240,396,673,0,9,395,1.0,3937,55,315,80,0.4,Noord,336,59,360,35,0,35,0,380,15,218,114,197,343,166,624,343,41,31,106,127,176,166,41,0,10,0,0,31
5171,360,175,180,5,14,5,6,125,2.8,0,5,5,10,10,30,15,20,90,122,728,1,6,140,1.1,2004,15,105,35,0.4,Noord,102,19,113,8,1,7,0,107,14,93,39,79,100,46,212,122,21,7,25,28,70,61,10,0,3,0,3,3
0,5,5,0,0,0,0,0,0,3.0,0,0,0,0,0,0,0,0,5,0,0,0,0,0,0.0,0,0,0,0,0.0,Noord,0,0,0,0,0,0,0,0,0,0,0,0,0,0,0,0,0,0,0,0,0,0,0,0,0,0,0,0
6688,1140,530,610,10,6,35,28,545,2.0,0,25,10,20,5,15,10,20,105,550,300,69,9,415,0.8,2406,40,370,45,0.7,Noord,390,159,121,429,379,49,0,550,0,159,91,228,296,376,490,376,148,125,239,152,152,125,228,57,11,34,34,91
8208,4185,1920,2270,75,18,40,9,2050,2.0,0,80,55,55,5,90,95,95,480,1994,302,67,3,1525,0.7,3018,175,1335,190,0.2,Noord,1894,99,618,1375,1335,59,0,1994,0,669,376,1129,1171,795,2259,1297,418,209,840,471,738,502,795,167,41,167,125,334
6266,4075,2035,2035,40,10,40,11,2195,1.8,0,50,50,75,10,95,65,85,420,2112,288,71,7,1300,0.6,1993,130,1105,195,0.8,Noord,929,1182,464,1647,1499,147,0,1943,168,570,366,1222,1141,774,2322,1100,489,163,1141,482,570,570,1426,366,40,326,122,529
10062,2615,1300,1310,50,19,5,2,885,3.0,0,20,35,55,10,80,55,45,295,742,544,33,2,790,0.9,3049,80,620,170,0.3,Noord,638,103,482,259,244,14,0,0,742,810,287,889,549,78,1699,758,130,26,185,132,566,287,993,366,52,183,130,287
891,400,200,195,5,17,0,7,180,2.2,0,10,15,5,0,20,15,35,105,137,447,15,13,200,1.1,450,45,165,35,0.5,Noord,116,20,98,38,20,17,0,120,16,64,32,100,140,64,228,128,24,20,55,55,68,52,20,0,0,0,0,16
2808,1380,670,700,20,15,0,2,585,2.4,0,30,25,30,10,35,20,25,180,546,400,25,5,600,1.0,1231,80,490,110,0.9,Noord,485,60,382,163,136,27,0,518,27,234,179,358,455,165,717,524,96,55,181,152,257,193,427,69,13,110,96,138
6856,2470,1240,1225,25,11,15,6,1005,2.5,0,50,40,35,10,95,50,45,330,945,427,30,4,1000,1.0,2747,150,830,175,0.4,Noord,718,226,623,321,283,37,0,926,18,395,321,543,864,345,1309,938,148,74,251,301,452,296,518,98,24,148,74,172
177,135,70,65,0,0,0,0,60,2.1,0,10,0,5,0,10,0,5,30,2,0,0,0,70,1.1,91,20,60,10,2.0,Noord,0,0,0,0,0,0,0,0,0,13,13,13,55,39,62,52,16,4,18,24,18,13,5,0,0,0,0,0
10427,3130,1490,1640,30,10,40,13,1505,2.1,0,40,40,50,5,35,40,25,235,1417,243,81,4,790,0.5,2608,35,645,150,0.6,Noord,0,1417,198,1218,1147,56,0,1417,0,657,438,813,657,563,1784,782,375,187,737,240,526,375,1627,313,31,250,281,751
8431,1345,680,670,15,9,5,2,685,1.9,0,30,10,15,5,30,15,10,115,643,303,37,6,520,0.8,3277,50,445,75,0.9,Noord,225,417,366,276,237,38,0,591,51,174,134,443,430,161,753,443,121,40,315,150,219,188,376,67,0,94,80,134
2068,2420,1155,1265,40,15,15,7,950,2.6,0,35,35,40,45,155,50,80,440,903,548,24,5,950,1.0,814,135,740,210,1.0,Noord,803,99,650,252,216,45,0,695,207,580,217,605,677,314,1403,822,145,72,237,237,475,290,338,72,24,72,48,145
6033,1090,515,570,15,12,5,7,450,2.4,0,20,5,10,5,10,10,10,75,444,371,44,1,455,1.0,2478,40,395,60,0.5,Noord,346,97,244,199,195,4,0,444,0,174,130,218,337,228,512,468,76,43,117,135,198,109,283,65,10,65,43,98
5336,590,290,295,5,14,10,12,360,1.6,0,10,10,5,0,20,10,10,60,353,250,0,53,225,0.6,1997,15,195,35,0.7,Noord,0,353,165,187,0,187,0,353,0,53,64,182,135,153,312,177,59,35,205,97,57,123,182,17,5,29,17,112
3186,445,220,225,5,4,10,16,265,1.7,0,5,10,5,5,15,15,15,65,259,327,9,20,185,0.7,1294,10,165,25,0.6,Noord,2,256,181,77,23,51,0,259,0,31,40,120,106,146,226,146,44,26,135,95,34,106,75,8,0,4,17,44
13781,4960,2420,2540,65,12,50,10,2570,1.9,0,50,75,100,5,110,90,100,535,2368,265,49,24,1320,0.5,3648,105,1080,245,0.2,Noord,23,2344,639,1728,1160,568,0,1941,426,843,595,1587,1240,694,2876,1289,595,198,1310,514,745,694,2678,694,99,446,545,942
8973,3675,1800,1875,70,18,15,4,1410,2.6,0,45,35,90,15,55,60,40,335,1366,342,71,12,1085,0.8,2673,55,815,265,0.7,Noord,519,846,245,1120,969,163,0,696,669,918,551,1176,771,257,2241,1065,257,73,493,239,676,257,2572,1029,73,404,441,661
10450,2295,1150,1155,35,15,5,2,855,2.5,0,35,25,45,5,55,40,20,215,813,296,58,16,585,0.7,2730,35,465,125,0.7,Noord,138,674,211,601,471,130,0,682,130,642,321,711,459,160,1422,642,183,45,307,119,427,252,1468,344,45,206,367,504
8368,1590,735,850,10,6,5,4,625,2.5,0,20,15,35,10,45,25,20,170,594,373,55,5,475,0.8,2564,35,375,100,0.4,Noord,184,409,237,356,326,29,0,594,0,381,206,365,413,206,858,540,143,47,193,112,318,222,858,270,15,127,206,222
1553,235,110,120,5,4,5,17,90,2.2,0,0,5,5,5,5,15,15,45,91,532,0,7,90,1.0,587,5,80,10,0.7,Noord,89,1,84,6,0,6,0,90,0,25,18,42,65,84,105,105,9,14,27,31,31,44,30,0,2,7,4,14
10356,1655,845,810,5,3,35,22,980,1.6,0,10,15,40,5,50,35,30,180,818,247,50,16,415,0.4,2600,45,340,75,0.5,Noord,40,777,278,539,409,130,0,818,0,165,215,562,331,397,959,364,198,132,617,205,156,314,612,82,16,99,99,297
4287,985,465,525,5,6,50,53,570,1.5,0,10,100,15,15,35,25,50,255,594,315,55,22,320,0.6,1421,15,275,50,0.2,Noord,0,594,136,457,326,130,0,362,231,68,68,275,197,374,453,246,128,157,359,136,68,177,334,59,9,78,29,157
11061,3095,1490,1610,35,11,20,6,1515,2.0,0,25,40,60,5,80,45,60,315,1400,292,64,8,810,0.5,2896,45,665,150,0.4,Noord,0,1400,392,1008,896,112,0,1400,0,557,464,959,711,402,1887,773,340,92,727,303,484,464,1702,402,61,309,185,773
11809,2720,1295,1425,20,7,15,6,1250,2.2,0,30,30,35,5,40,45,20,205,1151,255,85,4,670,0.5,2972,45,545,130,0.4,Noord,0,1151,126,1024,978,46,0,1151,0,516,408,625,680,489,1523,761,299,136,537,237,475,244,1768,435,27,299,326,652
5313,2495,1165,1330,20,8,45,17,1585,1.5,0,25,30,40,5,65,35,55,255,1250,307,28,26,690,0.4,1481,60,585,105,0.5,Noord,162,1087,575,662,350,325,0,1250,0,199,523,673,449,623,1447,623,224,199,1046,332,206,449,698,99,49,124,74,349
11044,3755,1725,2035,40,11,90,24,1565,2.3,0,40,35,60,10,55,50,45,290,1399,302,69,6,840,0.5,2491,45,660,175,0.2,Noord,223,1175,349,1049,965,83,0,979,419,751,563,938,863,638,2102,1051,375,225,672,250,641,450,2177,600,37,375,300,826
8322,4160,2110,2050,70,16,35,8,2065,2.0,0,40,65,55,20,105,90,80,460,2009,321,53,14,1340,0.6,2671,85,1095,245,0.3,Noord,441,1567,662,1346,1064,281,0,1225,783,790,332,1372,998,665,2371,1289,374,124,970,454,619,499,1788,416,41,374,332,624
8419,2610,1265,1345,30,10,20,8,1240,2.1,0,35,30,40,0,35,45,25,205,1120,269,74,6,715,0.6,2351,35,585,130,0.7,Noord,78,1041,224,884,828,67,0,1120,0,469,391,756,626,365,1487,756,287,104,632,186,421,313,1566,417,52,234,391,469
9043,3620,1800,1815,40,11,30,9,1545,2.3,0,45,40,50,5,60,60,40,295,1467,298,65,5,1075,0.7,2666,60,870,200,0.9,Noord,234,1232,440,1026,953,73,0,1467,0,687,506,941,905,579,1991,1194,289,144,556,339,648,434,1954,543,36,253,506,615
4100,330,165,165,5,9,0,6,140,2.3,0,5,5,10,0,20,10,10,60,118,601,0,5,155,1.1,2017,15,130,25,1.0,Noord,106,11,112,5,0,5,0,118,0,56,29,75,102,66,158,138,16,16,44,46,49,69,16,0,0,3,0,9
11433,340,180,165,0,6,0,0,150,2.3,0,5,5,5,0,10,5,10,35,147,400,40,10,105,0.7,3147,10,80,25,0.6,Noord,64,82,73,73,58,14,0,101,45,71,44,125,74,23,224,88,17,6,67,28,54,51,153,54,0,13,30,51
2274,1295,695,605,25,19,0,3,565,2.3,0,65,140,65,45,210,55,100,680,437,0,0,21,480,0.8,840,45,330,150,1.0,Noord,78,358,340,91,0,91,0,65,371,310,90,518,310,64,880,336,64,12,203,135,226,259,129,12,12,12,0,90
0,0,0,0,0,0,0,0,0,0.0,0,85,95,40,60,75,15,20,395,0,0,0,0,1235,0.0,0,10,780,455,0.0,Noord,0,0,0,0,0,0,0,0,0,0,0,0,0,0,0,0,0,0,0,0,0,0,0,0,0,0,0,0
5868,2170,1130,1040,40,18,0,0,1725,1.3,0,50,110,135,35,270,55,175,835,1639,189,19,81,510,0.3,1368,70,370,140,0.6,Noord,0,1639,0,1639,311,1327,0,0,1639,43,564,1475,86,21,1974,151,43,0,1328,345,51,477,585,108,65,108,43,282
2040,715,370,345,10,15,0,1,385,1.9,0,40,65,80,40,170,50,70,515,366,0,46,31,355,0.9,1009,30,245,110,0.7,Noord,54,311,80,285,168,113,0,7,358,150,42,364,128,35,514,128,71,7,204,77,103,143,193,57,14,42,21,50
5634,1635,915,720,25,18,10,5,985,1.7,0,10,30,70,40,125,55,75,400,829,559,23,54,455,0.5,1544,55,355,100,0.7,Noord,0,829,190,638,190,447,0,0,829,179,98,784,359,212,1046,457,114,32,522,305,157,376,359,32,16,65,32,196
678,215,145,70,0,14,5,5,170,1.3,0,35,105,85,35,160,30,55,495,191,248,0,91,275,1.6,866,15,150,125,0.4,Noord,9,181,17,173,0,173,0,70,120,12,34,118,38,12,165,34,12,2,134,25,8,98,38,0,0,6,0,30
0,10,5,5,0,0,0,0,5,1.1,0,25,30,20,5,55,10,55,200,1,0,0,0,35,0.0,0,0,20,10,0.0,Noord,0,0,0,0,0,0,0,0,0,0,0,0,0,0,0,0,0,0,0,0,0,0,0,0,0,0,0,0
240,20,15,10,0,0,0,0,10,2.7,0,15,15,10,15,15,5,10,85,5,0,0,0,30,0.0,0,0,25,5,1.1,Noord,0,0,0,0,0,0,0,0,0,0,0,0,0,0,0,0,0,0,0,0,0,0,0,0,0,0,0,0
447,65,30,35,0,0,0,0,30,2.0,0,0,0,0,0,0,0,0,20,31,652,0,26,35,0.0,0,5,25,10,1.9,Noord,31,0,22,8,0,8,0,22,8,7,9,8,27,11,39,16,6,1,9,12,7,9,3,0,0,0,0,0
958,630,315,315,5,13,0,3,255,2.4,0,15,15,10,5,45,15,25,130,189,759,6,7,270,1.0,409,35,205,65,1.9,Noord,183,5,164,24,11,13,0,151,37,144,50,126,201,100,365,220,31,12,73,71,112,88,25,0,0,6,12,6
0,5,5,5,0,0,0,0,0,3.0,0,0,0,0,0,0,0,0,0,2,0,0,0,0,0.0,0,0,0,0,0.0,Noord,0,0,0,0,0,0,0,0,0,0,0,0,0,0,0,0,0,0,0,0,0,0,0,0,0,0,0,0
204,520,270,255,5,10,0,6,205,2.6,0,10,15,15,10,30,15,20,115,185,783,0,16,250,1.2,97,25,190,60,4.1,Noord,166,18,155,29,0,29,0,151,33,109,57,83,176,93,280,197,20,20,51,61,92,62,26,5,0,5,0,15
14,20,15,5,0,0,0,0,5,2.8,0,0,0,0,0,0,0,0,0,18,0,0,0,10,0.0,0,0,10,0,2.9,Noord,0,0,0,0,0,0,0,0,0,0,0,0,0,0,0,0,0,0,0,0,0,0,0,0,0,0,0,0
181,325,165,160,5,12,0,3,135,2.4,5,10,5,5,10,20,10,15,75,136,806,0,14,210,1.6,120,25,170,45,4.2,Noord,115,20,116,19,0,19,0,115,20,58,35,45,104,78,165,126,16,13,47,35,54,22,13,0,0,3,0,9
38,290,150,140,0,0,0,0,110,2.6,15,5,5,10,5,20,5,15,75,120,726,0,14,160,1.4,21,15,120,40,6.6,Noord,105,14,103,16,0,16,0,86,33,55,29,43,101,60,130,121,17,17,24,28,57,26,8,0,0,0,0,8
57,485,250,230,5,12,5,8,205,2.3,15,15,10,10,10,30,15,15,110,213,716,11,21,230,1.1,27,25,190,40,2.3,Noord,153,59,146,66,23,44,0,146,66,72,58,101,150,106,242,194,29,19,67,57,79,33,24,0,0,4,0,14
64,60,35,20,0,0,0,17,50,1.2,0,0,0,0,0,0,0,0,20,1,0,0,0,25,0.5,28,5,15,15,2.7,Noord,0,0,0,0,0,0,0,0,0,3,1,27,22,4,43,12,4,1,43,5,2,22,9,0,0,0,0,9
0,10,10,0,0,0,0,0,5,2.7,0,0,0,0,0,0,0,0,15,1,0,0,0,10,0.0,0,0,5,5,0.0,Noord,0,0,0,0,0,0,0,0,0,0,0,0,0,0,0,0,0,0,0,0,0,0,0,0,0,0,0,0
3150,125,70,55,0,16,0,0,40,3.2,0,5,0,5,0,5,5,5,25,40,678,0,0,45,0.0,0,5,40,5,0.8,Noord,40,0,40,0,0,0,0,40,0,36,7,25,35,21,65,57,2,1,2,15,23,17,3,0,0,0,0,0
2757,825,500,325,10,16,5,5,705,1.2,0,5,20,15,0,25,25,25,115,943,0,90,10,170,0.2,570,20,140,35,0.4,Noord,0,943,0,943,848,94,0,0,943,49,198,478,74,24,709,82,24,0,620,42,42,90,470,49,16,57,33,321
6046,2905,1465,1435,60,21,5,2,1095,2.6,0,25,45,60,10,115,65,50,375,929,518,13,22,895,0.8,1869,60,685,210,0.8,Noord,696,232,603,325,120,204,0,362,566,813,290,1016,610,203,1772,929,145,58,317,229,558,435,1045,261,29,203,174,348
22200,2220,1090,1130,25,11,10,5,1180,1.9,0,20,60,45,20,135,80,105,465,1069,464,32,39,485,0.4,5046,55,395,90,0.2,West,53,1015,299,769,342,416,0,1058,10,288,288,865,555,199,1554,488,133,44,578,295,295,488,577,199,22,88,88,199
26925,1075,555,525,20,18,10,7,650,1.7,0,10,30,15,5,65,30,45,200,581,432,28,37,210,0.3,4978,35,160,45,0.1,West,0,581,203,377,162,214,0,458,122,139,118,516,225,75,784,204,64,10,396,136,117,258,279,96,10,21,32,118
25814,1805,880,925,15,11,10,6,905,2.0,0,25,35,45,10,95,40,55,300,860,424,57,21,355,0.4,5024,50,295,60,0.3,West,0,860,197,662,490,180,0,748,111,270,216,722,415,162,1191,433,144,36,416,217,271,342,812,270,18,90,162,270
24875,995,455,545,10,11,10,8,490,2.0,0,10,20,30,0,55,20,35,175,472,394,48,35,230,0.5,5159,20,190,45,0.2,West,0,472,80,391,226,165,0,434,37,169,109,358,248,109,636,248,79,29,215,102,166,139,487,189,9,49,129,109
9404,6395,3310,3090,80,13,30,5,3070,2.1,0,140,110,125,15,135,100,100,725,2752,270,61,13,1610,0.5,2365,110,1275,335,0.3,Nieuw-West,935,1816,715,2036,1678,357,0,2669,82,1279,831,2046,1534,703,3837,1854,511,127,1565,521,982,895,3837,1534,63,319,1087,831
10071,2820,1455,1365,35,12,5,2,1355,2.1,0,65,90,55,5,50,30,50,340,1393,253,68,8,690,0.5,2442,35,525,165,0.2,Nieuw-West,0,1393,320,1072,947,111,0,1267,125,507,394,987,705,253,1635,846,282,56,677,243,447,394,1917,846,28,141,479,394
8305,3405,1830,1570,45,13,35,10,1955,1.7,0,55,45,70,5,60,65,45,350,1869,221,84,6,910,0.5,2249,65,730,185,0.3,Nieuw-West,149,1719,186,1682,1569,112,0,1869,0,544,340,1293,749,476,2043,851,408,102,1231,293,430,442,2145,1021,34,170,442,476
9686,3390,1665,1725,50,14,15,4,1775,1.9,0,40,40,65,5,115,85,55,400,1583,327,30,33,925,0.5,2668,90,770,155,0.6,Nieuw-West,253,1329,585,997,474,522,0,1408,174,576,474,1186,779,372,2169,847,271,67,940,355,479,610,1356,440,33,135,305,440
10171,3460,1750,1705,35,10,25,7,1685,2.1,0,105,55,60,10,65,65,45,400,1495,282,46,18,920,0.5,2691,70,730,195,0.4,Nieuw-West,433,1061,538,956,687,269,0,1300,194,553,484,1141,795,484,2006,1072,276,103,842,337,522,726,1868,622,34,173,622,449
16232,3575,1800,1775,50,13,30,8,1470,2.4,0,75,45,85,0,50,55,30,345,1410,230,90,4,920,0.6,4085,50,685,235,0.2,Nieuw-West,84,1325,98,1311,1269,56,0,1381,28,750,536,1108,822,357,2037,1108,357,71,602,220,646,250,2931,1537,35,214,750,429
135,85,35,45,5,48,0,0,45,1.9,0,0,0,0,0,5,0,15,25,35,421,0,89,35,0.0,0,5,30,5,0.6,Nieuw-West,0,35,3,31,0,31,0,0,35,11,20,47,5,0,54,28,1,0,18,18,8,24,44,0,0,1,27,14
12539,3885,1960,1925,55,15,20,5,1710,2.3,0,85,50,100,5,70,70,50,435,1646,258,78,5,1000,0.6,3215,65,755,245,0.2,Nieuw-West,427,1218,263,1382,1283,82,0,1448,197,815,543,1243,854,427,2253,1204,310,116,803,256,666,349,2641,1243,38,155,777,427
11662,3030,1490,1545,40,15,15,6,1335,2.3,0,65,35,55,0,45,40,60,295,1287,255,92,2,735,0.5,2787,40,570,165,0.3,Nieuw-West,334,952,77,1209,1184,25,0,1209,77,636,424,939,696,303,1757,878,303,90,574,240,534,272,2090,878,30,181,606,393
10046,2815,1445,1365,35,14,20,6,1070,2.6,0,95,35,65,5,50,40,20,310,964,365,43,11,940,0.9,3302,60,710,230,0.5,Nieuw-West,694,269,443,520,414,106,0,597,366,675,394,844,534,365,1491,1069,197,84,363,214,492,365,1745,675,28,112,760,197
16832,4210,2100,2105,65,15,50,12,1800,2.3,0,95,60,110,10,70,80,45,470,1625,302,58,11,1055,0.6,4215,60,810,245,0.1,Nieuw-West,65,1560,503,1121,942,178,0,763,861,884,547,1515,842,378,2483,1263,336,126,774,324,684,589,2947,1010,42,252,1052,547
14975,5990,3045,2940,90,15,30,5,2510,2.4,0,135,65,125,10,85,80,40,540,2246,316,59,21,1735,0.7,4324,85,1285,450,0.3,Nieuw-West,628,1617,449,1796,1325,471,0,1190,1055,1317,778,1856,1317,658,3294,1976,479,179,1054,401,1029,539,4252,1856,59,299,1437,599
2525,305,175,125,5,7,0,3,170,1.7,0,5,5,5,0,5,0,10,30,154,238,43,9,125,0.7,1005,10,85,40,0.7,Nieuw-West,0,154,73,80,66,13,0,154,0,39,27,131,91,15,201,79,21,3,107,30,32,51,158,30,3,27,67,33
15,25,15,10,0,0,0,36,15,2.0,10,5,5,0,0,5,5,15,45,11,0,0,0,30,0.0,0,0,25,5,1.4,Nieuw-West,0,0,0,0,0,0,0,0,0,0,0,0,0,0,0,0,0,0,6,4,4,0,0,0,0,0,0,0
7790,2415,1185,1230,30,12,10,4,1010,2.4,0,55,35,40,5,45,25,25,235,922,386,34,15,1005,1.0,3253,65,830,170,0.7,Nieuw-West,682,239,470,442,313,138,0,922,0,434,265,652,652,410,1110,1062,144,96,303,282,414,289,1207,313,24,169,483,217
506,355,220,135,10,25,0,0,10,1.1,0,0,5,0,0,0,10,5,25,2,0,0,0,0,0.0,0,0,0,0,0.9,Nieuw-West,0,0,0,0,0,0,0,0,0,63,60,170,53,10,259,81,14,0,9,1,0,14,337,7,0,0,7,323
312,770,400,360,5,8,10,12,355,2.2,10,60,60,15,20,30,15,15,225,283,595,5,28,440,1.2,180,55,365,75,1.6,Nieuw-West,260,22,189,93,14,79,0,215,67,100,84,169,246,169,385,292,53,30,131,102,120,100,107,23,0,15,38,30
31,70,40,30,0,0,0,0,35,1.9,5,5,20,5,5,20,5,5,70,24,890,0,33,75,0.0,0,10,50,25,2.2,Nieuw-West,23,0,16,7,0,7,0,12,11,8,15,9,25,11,39,18,4,6,21,3,9,0,12,0,0,2,2,6
15450,4945,2415,2530,55,11,60,12,2525,2.0,0,85,65,85,5,65,50,30,390,2452,223,86,4,1275,0.5,4036,65,1010,265,0.2,Nieuw-West,49,2402,245,2206,2108,98,0,2353,98,939,543,1384,1137,939,2620,1434,593,296,1338,404,782,593,3164,1434,49,346,593,741
14976,3145,1615,1530,35,11,35,10,1640,1.9,0,50,35,60,25,95,70,55,390,1541,350,25,30,1060,0.6,5106,90,830,230,0.6,Nieuw-West,15,1525,678,847,385,462,0,693,847,471,314,1037,754,597,1666,1006,314,157,803,442,393,629,1415,534,31,125,345,408
12710,3815,1845,1970,55,14,30,7,1885,2.0,0,50,150,80,20,100,75,60,535,1790,278,32,47,940,0.5,3122,55,740,200,0.2,Nieuw-West,71,1718,375,1414,572,841,0,930,859,648,648,1449,648,419,2403,991,305,114,942,433,508,610,2174,953,38,228,343,572
4750,1235,645,590,25,17,10,9,675,1.8,0,20,15,15,5,25,20,5,105,661,277,45,30,395,0.6,1496,45,325,70,0.5,Nieuw-West,138,522,165,495,297,198,0,561,99,172,98,345,370,234,679,382,135,49,378,135,162,185,605,172,12,98,197,123
8190,4010,1915,2100,40,9,50,12,2360,1.7,0,70,70,80,20,85,75,50,445,1912,296,51,15,1280,0.5,2627,105,1065,215,0.4,Nieuw-West,917,994,650,1261,975,286,0,1873,38,481,641,1162,802,882,2285,1162,320,240,1439,472,472,721,1443,401,40,240,280,441
12300,2585,1185,1405,30,12,75,30,1095,2.2,0,25,15,55,0,20,40,20,175,1287,225,91,1,695,0.6,3304,25,535,165,0.5,Nieuw-West,77,1209,102,1184,1171,12,0,746,540,465,387,646,568,517,1318,775,258,232,547,153,394,180,1887,956,25,180,465,258
14333,3440,1690,1750,50,15,15,5,1535,2.2,0,90,45,75,10,45,45,25,335,1412,270,67,12,960,0.6,4019,50,720,235,0.3,Nieuw-West,42,1369,296,1115,946,169,0,847,564,825,378,1169,688,378,1960,1066,309,103,660,260,614,481,2304,1100,34,206,481,516
13761,3165,1595,1575,40,13,30,9,1445,2.2,0,70,50,75,10,75,55,30,370,1295,306,58,17,860,0.6,3722,45,650,210,0.3,Nieuw-West,0,1295,310,984,751,220,0,388,906,601,443,1044,633,443,1804,949,284,126,664,303,491,443,2120,854,31,221,569,443
17694,6190,3120,3075,80,13,20,4,2895,2.1,0,100,100,100,20,155,110,60,645,2501,338,39,20,1935,0.7,5509,125,1485,450,0.2,Nieuw-West,225,2275,1025,1475,975,500,0,575,1925,1114,928,2166,1485,495,3590,1980,495,123,1302,579,1013,1052,3775,1361,61,495,928,928
12633,6065,3120,2940,70,12,55,9,2780,2.1,0,150,75,125,15,105,80,75,630,2593,255,40,27,1820,0.7,3787,115,1415,400,0.4,Nieuw-West,700,1892,855,1737,1037,700,0,2281,311,1091,909,2001,1273,788,3517,1819,485,181,1390,500,889,1091,3335,1091,60,424,909,788
883,110,95,10,0,0,5,19,5,1.2,0,15,65,45,15,70,20,15,250,44,0,0,98,85,0.0,0,5,40,40,0.7,Nieuw-West,0,44,0,43,0,43,0,3,40,0,0,31,64,12,83,3,22,1,0,0,0,12,55,11,3,27,3,9
11459,3895,1860,2035,55,14,30,8,1695,2.3,0,75,55,75,5,80,45,30,365,1572,364,47,29,1505,0.9,4479,130,1225,280,0.9,Nieuw-West,1021,550,361,1210,738,455,0,1556,15,817,389,1090,934,662,1947,1441,311,155,627,389,661,467,1791,817,38,272,350,350
8669,4505,2255,2250,55,12,25,6,1910,2.4,0,50,60,85,45,140,80,40,505,1750,420,21,13,1790,0.9,3452,145,1445,345,1.1,Nieuw-West,1032,717,1155,595,367,227,0,1627,122,675,630,1081,1486,585,2252,1756,315,180,630,439,840,585,2027,495,45,405,495,540
9054,5885,2915,2970,45,8,20,3,2320,2.5,0,80,100,105,45,190,145,75,740,2071,476,20,10,2275,1.0,3475,195,1830,445,0.5,Nieuw-West,1511,559,1449,621,414,207,0,1284,786,941,1000,1294,2000,647,3060,2354,353,117,696,510,1113,765,2707,765,58,529,706,647
6844,2465,1185,1275,20,8,25,10,1180,2.1,0,15,25,40,15,105,50,25,275,1069,451,23,13,850,0.7,2372,70,690,160,0.6,Nieuw-West,342,726,673,395,245,138,0,1058,10,320,320,493,788,566,1183,936,197,147,483,330,377,419,739,147,24,197,172,197
5157,2265,1140,1135,25,11,45,19,1020,2.1,0,60,50,35,10,85,55,50,350,923,364,25,38,630,0.6,1427,55,490,140,0.4,Nieuw-West,378,544,341,581,230,350,0,923,0,453,249,634,520,407,1268,656,203,135,459,204,357,475,792,317,0,67,181,203
10823,3355,1705,1650,50,16,10,4,1560,2.1,0,80,55,75,0,65,55,55,395,1440,280,66,28,850,0.5,2752,55,650,200,0.3,Nieuw-West,288,1152,86,1353,950,403,0,1368,72,704,503,1174,671,268,2113,872,301,67,717,296,546,469,2180,972,33,201,503,469
18274,6210,3055,3155,110,18,25,4,2570,2.4,0,60,75,130,15,170,150,95,700,2377,349,56,20,1465,0.6,4356,110,1075,390,0.4,Nieuw-West,142,2234,546,1830,1331,475,0,1069,1307,1242,931,2297,1242,496,3788,1863,372,124,976,565,1028,745,4098,2297,62,248,869,621
14693,4410,2085,2325,65,15,10,2,2370,1.9,0,40,70,85,20,160,120,110,605,2217,308,36,45,1020,0.4,3404,100,790,230,0.2,Nieuw-West,66,2150,399,1817,798,997,0,820,1396,661,573,2205,661,308,3087,1014,220,88,1327,521,521,705,2160,1058,44,264,264,529
3486,980,485,495,10,12,5,2,735,1.3,0,5,10,30,5,35,25,20,125,363,379,0,100,190,0.3,689,30,165,25,0.5,Nieuw-West,0,363,0,363,0,363,0,363,0,68,343,411,88,78,823,98,49,9,565,117,51,313,147,29,9,19,0,88
3119,840,435,405,20,20,5,6,520,1.6,0,5,15,25,10,50,25,25,160,452,407,0,49,230,0.4,838,40,185,40,0.6,Nieuw-West,0,452,230,221,0,221,0,452,0,75,84,478,117,84,588,210,25,16,291,166,62,260,184,8,8,25,16,134
7956,715,355,360,10,10,5,7,255,2.6,0,5,5,0,0,10,15,5,45,367,251,61,39,140,0.5,1603,5,115,25,0.5,Nieuw-West,0,367,0,367,223,143,0,367,0,135,135,164,185,92,414,193,64,42,109,20,124,50,557,250,14,42,157,92
6561,1180,585,600,15,12,0,1,1040,1.1,0,0,15,15,0,25,40,10,110,282,290,0,100,135,0.1,750,15,105,30,0.6,Nieuw-West,0,282,0,282,0,282,0,0,282,23,590,566,11,0,1132,35,11,0,915,104,20,542,377,35,11,11,23,295
11328,2835,1530,1305,45,14,10,4,1760,1.6,0,25,185,60,50,170,50,50,595,1586,387,2,75,640,0.4,2612,65,495,145,0.3,Nieuw-West,0,1586,364,1221,31,1189,15,999,586,226,255,1786,368,198,2012,680,113,28,950,598,193,963,850,56,28,28,85,652
8936,1250,615,630,15,10,5,5,555,2.2,0,5,15,15,15,55,25,20,150,519,680,29,24,365,0.7,2523,20,270,95,0.6,Nieuw-West,15,503,243,275,150,124,0,15,503,250,112,462,287,137,737,400,87,25,205,144,205,300,462,175,12,50,75,150
9153,1555,820,730,10,8,5,6,800,1.7,0,5,15,30,10,35,25,25,150,842,298,44,41,340,0.4,1980,20,260,75,0.3,Nieuw-West,0,842,126,715,370,345,0,639,202,233,217,590,373,139,1072,295,171,15,496,120,184,264,746,264,31,108,124,233
12353,3955,2005,1945,50,13,25,6,2465,1.6,0,50,125,90,35,150,110,90,655,2292,269,52,35,910,0.4,2823,75,705,205,0.2,Nieuw-West,0,2292,297,1994,1191,802,0,1191,1100,474,711,1858,593,316,2887,711,276,39,1602,468,394,870,1740,593,39,197,316,553
1362,575,385,190,10,17,0,0,510,1.1,0,5,20,30,30,70,20,25,200,532,27,100,0,85,0.2,206,5,60,25,0.6,Nieuw-West,0,532,0,532,532,0,0,0,532,23,195,356,0,0,540,17,17,0,453,35,20,40,385,11,5,17,5,345
11218,1235,590,650,5,4,0,0,1045,1.2,0,0,35,25,5,75,20,55,215,1128,0,0,94,105,0.1,921,20,80,25,0.4,Nieuw-West,0,1128,67,1060,0,1060,0,11,1116,24,395,778,24,0,1148,74,12,0,888,146,10,432,395,24,37,37,24,259
221,135,65,70,5,52,0,0,90,1.5,0,10,25,75,40,130,15,15,310,4,0,0,0,270,0.0,0,5,175,95,0.4,Nieuw-West,0,0,0,0,0,0,0,0,0,8,14,102,9,1,116,12,6,0,57,26,6,32,43,5,0,8,4,25
9127,1005,495,510,10,10,5,4,450,2.2,0,5,10,10,10,45,20,20,120,437,500,0,7,435,1.0,3826,30,360,75,0.9,Nieuw-West,240,196,406,30,0,30,0,402,34,140,90,231,351,201,492,432,60,20,126,166,157,201,190,20,10,40,20,100
131,170,100,70,5,18,0,12,105,1.6,0,10,10,10,0,15,5,50,100,5,0,0,0,65,0.6,52,20,50,15,1.7,Nieuw-West,0,0,0,0,0,0,0,0,0,18,22,37,81,10,129,28,10,1,70,8,26,32,13,1,3,1,1,6
378,300,140,155,5,7,5,7,120,2.4,0,5,10,10,10,10,10,10,65,104,887,0,18,170,1.4,218,40,135,35,0.8,Nieuw-West,88,15,85,18,0,18,0,81,22,63,24,72,81,60,144,132,15,12,36,37,46,48,78,6,6,18,15,33
8883,3110,1510,1595,30,11,15,4,1290,2.4,0,20,25,55,10,80,65,25,280,1219,407,34,15,1155,0.9,3337,90,945,210,0.8,Nieuw-West,950,268,621,597,414,182,0,1219,0,497,373,777,964,497,1555,1212,279,93,387,335,567,466,1244,435,31,248,186,342
7232,3180,1580,1605,30,10,20,7,1455,2.2,0,25,40,50,15,85,65,30,315,1358,413,33,32,1230,0.8,2810,75,1020,210,0.8,Nieuw-West,950,407,475,882,448,434,0,1358,0,477,318,826,922,636,1494,1272,222,159,523,421,494,445,1081,318,31,159,222,318
13988,1120,530,585,20,14,15,13,665,1.7,0,5,25,20,5,35,30,25,140,636,344,40,17,380,0.6,4556,30,315,65,0.2,Nieuw-West,6,629,273,362,254,108,0,636,0,78,100,324,280,324,515,392,123,78,345,212,113,268,392,67,11,67,67,190
10327,2270,1120,1150,15,6,5,1,895,2.5,0,20,30,30,20,75,50,30,255,837,451,0,4,955,1.1,4425,80,795,160,0.6,Nieuw-West,736,100,803,33,0,33,0,837,0,340,340,476,908,249,1135,976,136,22,187,268,438,408,590,68,22,158,113,227
9396,2160,1085,1075,30,14,10,5,920,2.3,0,35,35,30,10,75,60,30,275,869,424,0,81,710,0.8,3121,75,595,115,0.5,Nieuw-West,582,286,165,703,0,703,0,790,78,388,259,669,604,237,1274,669,151,43,312,211,395,388,734,237,21,151,129,194
1287,695,345,355,5,10,5,7,325,2.1,0,25,30,15,20,55,20,25,190,273,437,5,21,370,1.1,681,55,300,70,0.4,Nieuw-West,207,65,202,70,13,57,0,242,30,83,83,125,264,139,326,271,55,34,113,100,110,90,48,0,6,6,0,34
8967,3230,1550,1675,40,12,30,9,1725,1.9,0,35,80,45,15,70,70,45,360,1506,318,65,15,835,0.5,2332,65,695,140,0.2,Nieuw-West,331,1174,301,1204,978,225,0,1295,210,484,549,904,678,613,1905,872,323,129,983,310,431,549,1550,613,32,258,258,387
12369,3585,1735,1850,45,12,15,4,2000,1.8,0,30,55,60,5,80,70,45,345,1903,285,62,16,825,0.4,2804,70,675,150,0.2,Nieuw-West,380,1522,418,1484,1179,304,0,1275,627,573,609,1398,609,430,2258,932,250,107,1140,420,440,752,1684,645,35,143,286,609
10055,3115,1500,1620,45,15,40,13,1275,2.4,0,20,30,55,15,65,50,40,280,1363,383,76,7,735,0.6,2402,70,560,175,0.3,Nieuw-West,163,1199,218,1144,1035,95,0,586,776,685,404,1027,623,373,1806,903,280,124,484,229,561,342,2024,1027,31,218,280,436
2755,800,420,380,5,11,25,29,645,1.2,0,10,20,20,10,35,25,40,155,287,297,100,0,90,0.1,317,10,70,20,0.9,Nieuw-West,0,287,0,287,287,0,0,177,109,48,360,280,56,56,680,48,56,16,580,25,38,192,312,88,16,40,24,144
9946,4575,2120,2460,55,13,55,12,2750,1.7,0,35,150,55,45,145,100,80,610,2651,409,29,38,1345,0.5,2955,70,1175,175,0.3,Zuid,26,2624,874,1749,768,1007,0,2465,185,503,503,1647,869,1098,2562,1281,366,320,1540,687,495,1418,1235,91,45,183,91,823
7676,3840,1815,2020,35,9,15,5,2105,1.8,0,35,70,55,35,130,120,75,525,2056,410,18,37,1070,0.5,2128,80,895,175,0.2,Zuid,226,1829,904,1151,370,760,0,2035,20,576,460,1536,806,499,2380,1075,268,115,1136,463,505,1113,1190,115,38,153,76,806
5826,4075,1935,2145,40,10,60,15,2285,1.8,0,50,145,90,110,290,180,90,950,2325,474,28,34,1425,0.6,2043,75,1160,265,0.5,Zuid,604,1720,860,1464,651,790,0,2185,139,570,326,1100,896,1141,1996,1263,448,326,1348,434,502,1100,896,40,40,163,40,611
89,70,35,30,0,0,0,0,35,1.9,0,10,5,5,0,5,15,10,55,23,0,0,52,40,0.0,0,10,30,10,1.4,Zuid,19,3,11,11,0,11,0,19,3,4,10,14,24,16,41,18,8,2,16,9,8,12,7,0,0,0,0,0
4100,985,475,510,5,6,10,13,525,1.9,0,25,20,15,55,50,25,15,205,505,807,30,19,450,0.9,1856,25,360,90,0.5,Zuid,171,333,257,247,151,95,0,313,191,118,108,177,256,315,423,384,78,88,262,131,131,295,157,9,9,19,9,118
111,20,15,10,0,0,0,0,15,1.3,0,10,10,10,155,110,0,5,300,3,0,0,0,55,0.0,0,5,35,20,0.4,Zuid,0,0,0,0,0,0,0,0,0,0,0,0,0,0,0,0,0,0,12,0,1,0,0,0,0,0,0,0
5831,755,360,400,10,11,40,49,390,1.7,0,0,15,10,30,50,15,15,140,406,499,9,55,255,0.7,1922,15,220,35,0.8,Zuid,0,406,142,259,36,223,0,357,48,83,22,249,128,271,354,256,83,60,202,117,70,211,181,15,7,30,15,113
11241,3260,1530,1730,35,11,45,15,1930,1.7,0,25,40,45,30,110,75,40,365,1939,379,38,37,1015,0.5,3530,55,900,120,0.7,Zuid,0,1939,465,1473,736,717,19,1939,0,391,260,1043,652,912,1727,945,358,228,1061,463,405,684,1108,97,32,163,130,684
6452,3935,1880,2060,35,8,120,30,2210,1.7,0,25,60,50,80,195,100,60,570,2202,443,15,47,1220,0.6,2003,65,1010,210,0.3,Zuid,308,1893,814,1365,330,1034,0,2113,88,472,472,1298,787,905,2242,1101,314,275,1370,419,419,1141,1141,78,39,78,78,865
22,10,5,5,0,0,0,0,10,1.8,0,0,0,0,0,0,0,0,15,6,0,0,0,10,0.0,0,0,5,5,1.8,Zuid,0,0,0,0,0,0,0,0,0,0,0,0,0,0,0,0,0,0,0,0,0,0,0,0,0,0,0,0
38,15,5,5,0,0,0,0,15,1.0,0,5,75,25,50,55,5,15,225,0,0,0,0,75,0.0,0,0,35,35,1.2,Zuidoost,0,0,0,0,0,0,0,0,0,0,0,0,0,0,0,0,0,0,15,0,0,0,0,0,0,0,0,0
79,65,45,15,0,0,0,0,55,1.1,0,55,125,145,445,260,50,40,1125,0,0,0,0,315,0.0,0,5,155,160,0.7,Zuidoost,0,0,0,0,0,0,0,0,0,1,3,50,7,1,52,9,1,1,48,4,1,34,22,0,1,0,3,17
25,25,20,5,0,0,0,0,20,1.1,0,40,140,55,75,120,20,25,475,0,0,0,0,1260,0.0,0,30,840,420,1.1,Zuidoost,0,0,0,0,0,0,0,0,0,0,0,0,0,0,0,0,0,0,18,1,1,0,0,0,0,0,0,0
3854,1350,560,785,5,6,0,0,1260,1.1,0,15,45,40,40,80,25,25,270,385,104,0,100,165,0.1,470,15,110,55,1.1,Zuidoost,0,385,0,385,0,385,0,34,350,0,985,351,13,0,1323,27,0,0,1184,75,0,378,567,40,54,108,40,324
0,5,5,5,0,0,5,200,5,1.3,0,5,40,5,5,10,5,0,75,2,0,0,0,445,0.0,0,5,365,75,0.0,Zuidoost,0,0,0,0,0,0,0,0,0,0,0,0,0,0,0,0,0,0,0,0,0,0,0,0,0,0,0,0
36,30,25,5,0,0,0,71,25,1.0,0,0,5,0,0,10,15,10,45,1,0,0,0,5,0.0,0,0,0,0,1.1,Zuidoost,0,0,0,0,0,0,0,0,0,0,0,0,0,0,0,0,0,0,25,0,0,0,0,0,0,0,0,0
99,140,100,40,0,0,0,0,80,1.2,0,5,10,5,5,5,10,10,50,8,0,0,0,35,0.4,25,5,25,10,1.0,Zuidoost,0,0,0,0,0,0,0,0,0,14,56,49,12,8,123,12,2,1,72,3,4,26,37,8,2,11,1,14
10134,5065,2690,2380,45,8,70,13,2980,1.7,0,45,60,75,10,85,70,60,410,2817,209,60,19,1205,0.4,2418,60,1020,185,0.7,Zuidoost,0,2817,591,2225,1690,535,0,2535,281,709,557,1722,1418,658,3444,709,810,101,1817,447,685,607,3545,151,253,1468,101,1570
10722,3430,1795,1630,35,9,5,3,1985,1.7,0,25,45,45,10,70,60,40,290,1719,233,53,14,830,0.4,2581,50,695,135,0.5,Zuidoost,85,1633,567,1151,911,240,0,1667,51,480,445,1269,960,308,2332,548,445,68,1210,297,476,445,2366,102,137,960,68,1063
7074,1910,950,955,10,6,0,1,1625,1.2,0,10,50,25,0,25,40,20,175,1681,51,24,75,165,0.1,614,10,140,25,0.4,Zuidoost,0,1681,33,1647,403,1260,0,403,1277,114,1107,515,114,38,1776,57,57,0,1446,81,97,420,993,38,152,286,19,496
19982,4395,2200,2200,45,10,10,2,2220,2.0,0,25,65,80,10,135,125,95,535,1917,255,30,41,1110,0.5,5007,75,890,215,0.5,Zuidoost,479,1437,536,1380,575,785,0,440,1476,747,791,1626,1010,219,3164,835,351,43,1221,288,710,439,3164,175,219,1538,87,1186
3249,1395,715,680,5,6,20,13,835,1.5,0,15,140,15,30,40,35,40,315,680,205,100,0,460,0.6,1082,5,390,75,0.2,Zuidoost,0,680,0,680,680,0,0,442,238,153,265,404,390,181,1018,125,223,27,601,83,150,265,1004,27,111,460,13,390
9450,1890,955,935,20,11,5,3,1205,1.6,0,5,20,15,5,30,30,20,120,1220,0,36,43,205,0.2,1016,15,180,25,0.6,Zuidoost,97,1122,61,976,439,524,183,1220,0,264,567,661,321,75,1493,207,170,18,831,144,228,378,1247,75,132,396,37,623
15270,3055,1495,1560,25,8,20,6,1570,1.9,0,15,20,30,5,35,45,45,195,1276,228,71,11,555,0.4,2823,25,460,95,0.6,Zuidoost,0,1276,229,1046,905,140,0,1276,0,549,519,824,855,305,2107,458,458,30,879,188,502,305,2444,61,152,733,30,1466
9319,2515,1245,1275,25,10,10,3,1280,2.0,0,20,35,40,0,65,45,60,265,1131,222,100,0,480,0.4,1812,35,395,85,1.0,Zuidoost,0,1131,0,1131,1131,0,0,1131,0,477,402,804,653,150,1835,352,301,25,678,204,396,201,1961,100,125,603,50,1081
1873,210,105,105,0,5,0,0,95,2.2,0,0,0,5,5,10,15,5,35,82,435,1,13,80,0.8,722,5,60,20,1.1,Zuidoost,82,0,69,12,0,10,0,82,0,29,31,37,56,56,105,86,12,6,26,36,32,33,88,0,6,37,0,39
9929,695,350,345,5,6,5,9,300,2.3,0,0,10,10,0,15,15,15,75,247,348,35,6,215,0.7,3090,20,185,30,0.5,Zuidoost,182,64,145,101,86,14,0,247,0,104,90,187,201,111,403,194,76,20,108,51,141,69,535,6,34,319,20,145
0,0,0,0,0,0,0,0,0,0.0,0,0,0,0,0,0,0,0,0,0,0,0,0,0,0.0,0,0,0,0,0.0,Zuidoost,0,0,0,0,0,0,0,0,0,0,0,0,0,0,0,0,0,0,0,0,0,0,0,0,0,0,0,0
7158,2220,1075,1145,35,17,5,1,865,2.5,0,15,35,35,25,75,70,25,280,657,393,32,18,645,0.7,2101,30,490,155,0.9,Zuidoost,545,111,328,328,210,118,0,85,571,555,510,643,466,44,1598,488,133,0,320,103,432,266,1487,88,111,777,88,421
9138,3655,1870,1790,35,9,10,4,1890,1.9,0,60,85,80,15,125,140,75,575,1479,321,28,35,1130,0.6,2795,45,935,195,0.5,Zuidoost,517,961,547,931,414,517,0,1050,428,475,475,1206,1059,438,2339,804,438,73,963,321,604,438,2704,73,219,1425,36,986
16350,2290,1095,1195,20,9,25,10,1265,1.8,0,25,20,10,5,35,50,35,180,1090,229,87,5,360,0.3,2542,15,310,50,0.4,Zuidoost,0,1090,87,1002,948,54,0,686,403,366,320,480,664,458,1465,343,412,68,695,164,404,183,1832,45,137,549,0,1122
13676,2875,1395,1480,40,15,60,19,1740,1.7,0,25,25,25,0,35,60,30,205,1461,205,82,6,655,0.4,3106,35,545,110,0.3,Zuidoost,146,1314,175,1285,1198,87,0,1373,87,460,316,833,747,517,1868,402,517,115,1113,191,452,230,2070,86,230,1006,28,718
5075,1015,490,520,10,10,5,6,460,2.2,0,10,10,10,0,15,30,10,90,381,265,79,2,295,0.6,1437,15,270,25,0.7,Zuidoost,381,0,72,308,300,7,0,381,0,182,162,213,304,162,629,243,111,30,197,82,184,81,669,10,60,324,10,263
14813,2370,1200,1170,25,10,10,5,1310,1.8,0,15,65,45,5,40,50,35,255,1160,183,62,38,470,0.4,2938,20,380,95,0.2,Zuidoost,11,1148,0,1160,719,440,0,603,556,426,402,805,592,165,1730,308,308,23,772,170,379,213,1753,94,118,545,23,971
7633,1375,695,675,25,19,5,5,565,2.4,0,20,20,40,0,30,40,10,165,452,387,33,26,435,0.8,2412,20,325,105,0.5,Zuidoost,352,99,185,266,149,117,0,0,452,343,192,536,261,41,921,343,96,13,203,90,271,110,1003,55,68,426,27,412
9533,1430,690,735,10,9,0,1,610,2.3,0,10,20,35,5,35,35,15,150,503,324,38,7,440,0.7,2833,35,345,95,0.3,Zuidoost,367,135,276,226,191,35,0,0,503,257,271,371,400,100,929,328,128,42,244,85,286,100,1115,42,71,557,42,400
14433,1735,825,905,20,13,5,2,775,2.2,0,10,20,30,0,50,45,30,185,635,329,43,6,550,0.7,4581,25,445,110,0.7,Zuidoost,393,241,323,311,273,38,0,0,635,329,260,537,468,121,1127,399,173,17,341,116,317,173,1335,52,86,746,17,416
3615,3145,1695,1455,15,4,30,9,1920,1.6,0,35,35,40,15,100,65,65,360,1724,281,20,15,1120,0.6,1290,80,945,175,0.9,Zuidoost,534,1189,1103,620,344,258,0,1706,17,251,377,754,754,974,1666,912,408,157,1152,480,288,597,1037,31,62,503,31,440
4571,2240,1190,1050,35,14,25,11,1255,1.8,0,35,25,25,10,45,45,20,200,1056,259,38,11,720,0.6,1456,45,600,120,1.2,Zuidoost,654,401,549,506,401,116,0,971,84,313,246,515,672,492,1232,537,380,89,753,188,326,313,1276,22,67,627,22,537
4650,650,315,335,15,25,0,0,255,2.5,0,5,15,15,0,15,15,5,70,235,404,17,19,220,0.8,1585,15,165,55,0.6,Zuidoost,235,0,150,84,39,44,0,0,235,182,71,299,91,6,461,149,32,6,68,45,137,58,455,26,32,240,26,143
22188,1775,955,815,25,14,15,7,1030,1.7,0,15,15,15,0,25,35,15,120,952,171,100,0,310,0.3,3864,25,255,55,0.3,Zuidoost,0,952,0,952,952,0,0,952,0,319,230,497,621,124,1295,177,301,17,648,103,278,71,1526,35,124,621,17,745
12817,3075,1550,1525,40,13,10,3,1655,1.9,0,35,20,35,5,70,60,60,285,1360,240,56,19,565,0.3,2353,25,470,100,0.3,Zuidoost,0,1360,340,1020,761,258,0,1360,0,553,492,1014,768,246,2183,399,461,30,926,248,496,430,2121,61,153,584,0,1291
4362,3010,1580,1435,30,11,30,10,1815,1.7,0,35,35,55,10,90,80,50,355,1648,243,19,39,1035,0.6,1501,65,885,150,1.3,Zuidoost,0,1648,692,955,313,642,0,1648,0,391,240,963,752,632,1806,692,361,120,1034,417,363,662,1083,30,60,391,30,571
29,20,10,10,0,0,0,48,10,2.1,0,5,5,0,10,5,0,0,30,6,0,0,0,20,0.0,0,0,15,5,1.5,Zuidoost,0,0,0,0,0,0,0,0,0,0,0,0,0,0,0,0,0,0,4,2,4,0,0,0,0,0,0,0
45,35,15,20,0,29,5,29,15,2.1,0,5,5,0,0,5,5,5,25,21,506,0,19,30,0.0,0,5,20,5,2.4,Zuidoost,19,1,17,3,0,3,0,21,0,0,0,0,0,0,0,0,0,0,6,3,5,0,0,0,0,0,0,0
8143,2850,1295,1550,30,9,40,13,1440,2.0,0,20,40,15,5,20,60,15,180,1383,218,100,0,520,0.4,1490,25,465,60,0.8,Zuidoost,0,1383,0,1383,1383,0,0,1383,0,598,427,598,684,513,1909,342,484,114,806,129,518,171,2109,57,171,1111,28,741
11476,4245,1940,2300,60,14,30,6,2030,2.1,0,20,35,40,0,65,75,30,265,1846,240,84,3,945,0.5,2560,55,805,140,1.0,Zuidoost,55,1790,239,1606,1550,55,0,1846,0,849,636,1061,1146,509,2844,679,636,84,954,263,832,297,3268,127,297,1443,42,1315
3978,2505,1225,1280,25,9,20,9,1170,2.1,0,20,20,35,10,70,55,30,240,1068,323,28,17,1005,0.9,1602,65,860,145,0.7,Zuidoost,918,149,598,469,299,181,0,1068,0,375,225,601,601,701,1227,951,225,125,421,339,409,350,1102,50,75,626,0,350
8313,1995,1035,960,25,12,10,6,1020,1.8,0,30,40,25,5,40,55,35,225,953,252,55,12,505,0.5,2116,45,420,85,0.4,Zuidoost,57,895,314,638,524,114,0,933,19,279,239,658,598,219,1376,359,239,39,540,173,295,239,1276,59,79,618,19,478
8550,1540,755,780,20,11,15,10,920,1.6,0,20,35,15,5,30,40,20,165,851,214,55,11,390,0.4,2135,10,330,60,0.5,Zuidoost,42,808,297,553,468,93,0,851,0,184,184,462,431,277,1001,261,215,61,588,138,202,184,924,15,61,415,15,415
9772,2445,1175,1265,25,10,15,8,1315,1.9,0,25,25,40,0,40,50,20,205,1144,245,62,7,755,0.6,3065,25,635,120,0.9,Zuidoost,377,766,354,789,709,80,0,1144,0,342,317,684,660,440,1491,562,317,73,696,210,407,244,1540,73,97,782,24,562
4378,2540,1260,1280,20,8,20,8,1195,2.1,0,20,30,35,0,55,60,30,230,1089,298,45,18,880,0.7,1511,40,745,130,0.9,Zuidoost,827,261,413,675,490,196,0,1089,0,406,254,685,685,508,1397,812,228,101,513,274,406,304,1244,50,76,685,25,431
9552,2960,1490,1475,30,11,45,16,1650,1.7,0,30,40,50,0,55,75,30,275,1576,212,62,18,695,0.4,2278,40,575,120,0.8,Zuidoost,0,1576,315,1260,977,283,0,1576,0,473,414,858,799,414,2042,414,444,59,990,214,445,355,1864,88,148,858,29,769
9818,1670,800,865,20,12,5,4,855,1.9,0,15,20,15,0,25,40,15,130,747,217,57,19,440,0.5,2505,20,365,70,0.8,Zuidoost,0,747,179,567,425,141,0,747,0,300,233,517,484,133,1152,267,233,16,436,111,307,167,1202,50,66,467,16,601
5077,3250,1650,1600,25,8,15,4,1405,2.3,0,40,35,35,10,80,65,45,315,1261,331,0,4,1385,1.0,2175,95,1185,200,1.0,Zuidoost,1261,0,1210,50,0,50,0,1261,0,455,357,715,1072,650,1495,1430,227,97,421,449,547,455,1105,0,32,585,32,455
4660,3355,1635,1715,40,11,25,7,1640,2.0,0,35,55,40,5,35,70,45,280,1557,268,53,23,1160,0.7,1614,65,1020,135,0.9,Zuidoost,871,685,373,1183,825,358,0,1557,0,503,335,905,972,637,1845,1006,402,100,688,360,590,369,1744,67,134,838,33,671
5117,1485,705,785,20,13,15,10,645,2.3,5,30,30,15,10,40,30,20,175,639,348,40,4,720,1.1,2481,75,625,100,2.7,Zuidoost,517,121,357,281,255,25,0,600,38,267,163,326,445,267,727,579,103,59,193,187,264,148,193,14,14,74,14,44
98,145,80,65,0,0,0,0,45,3.5,0,0,0,5,0,10,10,5,25,39,787,0,3,60,0.0,0,5,50,15,3.2,Zuidoost,39,0,37,1,0,1,0,12,26,44,18,31,39,11,82,55,7,1,4,9,30,13,8,0,0,0,0,0
